Image,blackheads,dark spot,nodules,papules,pustules,whiteheads
levle1_495_jpg.rf.158863580c9d1f0e01b9c837666caf31.jpg, 0, 0, 0, 1, 1, 0
levle1_527_jpg.rf.e0f275a8fc8ba9a0fc5039fe5ca3f338.jpg, 0, 0, 0, 1, 0, 0
levle1_25_jpg.rf.a8befe902f256904e3c48068038b8600.jpg, 0, 0, 0, 1, 0, 0
levle1_256_jpg.rf.56b3b0ef6c2cc5bf1869b94bdf8cad6e.jpg, 0, 0, 0, 1, 0, 0
levle1_565_jpg.rf.b1a755332b5e46c9f05cc979a66cb5ff.jpg, 0, 0, 0, 1, 1, 1
01F3MMVZF3PER8R7TWBDDT91S3_jpeg.rf.c81abac87e892ed07347e5c5835c2f35.jpg, 1, 1, 0, 1, 1, 1
levle0_34_jpg.rf.d3d37f44beae0a9c8b15f77f157e4773.jpg, 0, 0, 0, 0, 0, 1
levle1_65_jpg.rf.b15098a319623525c17e047b90e3ccd6.jpg, 0, 0, 0, 1, 1, 0
levle1_81_jpg.rf.ac9b275444934ab0dac60b952dc4e107.jpg, 0, 0, 0, 1, 1, 0
levle2_117_jpg.rf.27c5ec2faf693779a85c114b574ad20d.jpg, 0, 0, 0, 1, 0, 0
levle3_64_jpg.rf.c5c88d16254aa1722432f5f49974ee4d.jpg, 0, 1, 0, 1, 0, 0
levle1_272_jpg.rf.fa939a54e0c1c488aa7a51468d7ab534.jpg, 0, 1, 0, 0, 0, 0
levle0_353_jpg.rf.12e92a4b38c3e33a97798eb9446ef6c5.jpg, 0, 1, 0, 0, 1, 0
levle2_111_jpg.rf.5f57948f8a8e5fff71360f05e3b02565.jpg, 0, 0, 0, 0, 0, 0
levle2_171_jpg.rf.1cb926c6e054939b772a32054ad12b89.jpg, 0, 1, 0, 0, 0, 0
levle0_492_jpg.rf.d6eb6edfed863e69473a763ab7748dfa.jpg, 0, 0, 0, 0, 1, 0
levle1_520_jpg.rf.17fc2d7d2f714a263b2ac54be21a3654.jpg, 0, 1, 0, 1, 0, 1
levle2_106_jpg.rf.a52d737248be824410d3f3fe36948da3.jpg, 0, 0, 0, 0, 0, 1
levle1_446_jpg.rf.c52fee968bce7f091003911acec1a08a.jpg, 0, 0, 0, 1, 1, 0
levle1_62_jpg.rf.b82112c5cddfa723cce6ca9740147116.jpg, 0, 0, 0, 1, 0, 0
levle1_110_jpg.rf.145751de6f086d33551f16449cef263b.jpg, 0, 0, 0, 1, 0, 1
levle2_144_jpg.rf.a8e6f064cc20bceefff691f479ea8c29.jpg, 0, 1, 0, 1, 0, 0
levle2_72_jpg.rf.a67abad17aa403960768f1a5f646e515.jpg, 0, 0, 0, 1, 1, 0
levle0_197_jpg.rf.e2e2014e49226f8edd3cbcf042d01fa0.jpg, 0, 0, 0, 1, 0, 0
levle1_576_jpg.rf.7c53f95a6d3fec44fa478d373c5bc224.jpg, 0, 0, 0, 1, 0, 1
levle1_238_jpg.rf.23cb4ab96513f1c3998f99719ce8bb03.jpg, 0, 1, 0, 1, 0, 0
levle1_193_jpg.rf.f849ad4257d32bdcfb36a7ffa86f9c30.jpg, 0, 1, 1, 0, 0, 0
levle0_483_jpg.rf.a23916770108e4e094b0d15e434268e0.jpg, 1, 1, 0, 1, 0, 1
levle1_514_jpg.rf.682d737ecfa9403b49e4f0c85779802e.jpg, 0, 0, 0, 1, 1, 0
levle1_400_jpg.rf.83af08b7ff7fb0daa3620dcf8accdefb.jpg, 0, 1, 0, 1, 0, 0
levle0_167_jpg.rf.78eccc613244ddd5b5e8a82498bbe3a9.jpg, 0, 1, 1, 0, 0, 0
01F3MMWDF4M4P269K7GH56PHZT_jpeg.rf.ce59bca6985d829878819bb8e752ad11.jpg, 1, 0, 0, 1, 1, 1
01F3MMVV7RY7VD317X4CJZTCB4_jpeg.rf.b9c5b3058a376d83189e808171d5c491.jpg, 0, 0, 0, 0, 0, 1
levle1_622_jpg.rf.fb544ba11118e5ecce39f5c46587a13d.jpg, 0, 1, 0, 0, 0, 1
levle2_6_jpg.rf.87429784a5e32614efb82674996faa88.jpg, 0, 1, 0, 1, 0, 0
levle1_171_jpg.rf.5ef726db636496c00ec2fc1edc5fa0bb.jpg, 0, 1, 0, 0, 0, 0
levle3_89_jpg.rf.f84c64587965e509637428461ab86d35.jpg, 0, 0, 0, 1, 1, 1
levle1_551_jpg.rf.ae1e242891ba4b2aae17606ee9effdb3.jpg, 1, 0, 0, 1, 0, 0
levle0_364_jpg.rf.049d2cb7688a8256a1c242387694c44c.jpg, 1, 0, 1, 0, 0, 1
levle0_528_jpg.rf.090b4d6caf4d3128ca662a2418c86613.jpg, 1, 0, 0, 1, 0, 0
levle0_523_jpg.rf.c073cbf993b7d0a1cc791f30606d8ff0.jpg, 0, 1, 0, 0, 0, 1
levle0_519_jpg.rf.da583c58f637a3da161c10664bcdb622.jpg, 0, 0, 0, 1, 1, 0
levle1_560_jpg.rf.09b07d9c67d094c4962eb6ac3ea7938e.jpg, 0, 0, 0, 1, 0, 0
01F3MMWCQW444TY927EJ3QWK1N_jpeg.rf.c2d093aef4a558db2443309269a88e36.jpg, 1, 0, 0, 0, 1, 1
levle2_76_jpg.rf.de72f07cb7be07215ed95f801f16d4be.jpg, 0, 1, 0, 0, 0, 0
levle1_549_jpg.rf.3a679e0c3207f893ffb9e33fb5215508.jpg, 0, 0, 0, 1, 0, 0
levle1_160_jpg.rf.ad3da4e0c7bd9bde5fbd2499204dad68.jpg, 0, 1, 0, 0, 0, 0
levle0_38_jpg.rf.0f029699211d85281dc8407e901fecab.jpg, 0, 1, 0, 1, 1, 1
01F3MMX5E8RJ4MT0GKD045XMFH_jpeg.rf.761147dc5b75977dbe62afb21ecc1fe6.jpg, 0, 0, 0, 0, 0, 1
levle1_277_jpg.rf.d1376f1113caa933db18fb2a74e7ae83.jpg, 0, 0, 1, 0, 0, 0
levle2_118_jpg.rf.b4bb7c06ff50f25a81639930a476d27c.jpg, 0, 0, 0, 1, 0, 0
levle0_279_jpg.rf.4895ed534b34dd3ac77f7bfcfc987717.jpg, 0, 1, 1, 0, 0, 0
levle0_31_jpg.rf.664652e18d91327e8474e1028036ab1f.jpg, 0, 1, 0, 1, 0, 0
levle3_72_jpg.rf.ae2788affdef3ad1f7ffc4a4dcc7dd99.jpg, 0, 1, 0, 1, 1, 0
levle1_333_jpg.rf.425df8fe8af3be8bff7faa8f46b302d7.jpg, 0, 1, 0, 0, 1, 0
levle0_210_jpg.rf.95aa2eb906fe89002b8aa1c4617ed065.jpg, 0, 1, 1, 0, 0, 0
levle1_604_jpg.rf.42bcca0496ae689252827c76934c553e.jpg, 0, 1, 0, 0, 1, 0
levle3_101_jpg.rf.d44992001adde85b000c2b6514f7dc47.jpg, 0, 0, 0, 1, 0, 0
levle1_194_jpg.rf.57ef75c61d8e789770b253d950e64894.jpg, 1, 1, 0, 0, 0, 0
levle1_123_jpg.rf.44f48e9d0a86761793de84a4c8bc740d.jpg, 0, 1, 0, 1, 0, 0
levle0_168_jpg.rf.beb872763484a4a5d86181b18fc804b6.jpg, 1, 0, 0, 0, 1, 1
levle2_8_jpg.rf.af3b6c6ba1159a4432a458daa68127d3.jpg, 0, 0, 0, 1, 0, 0
levle2_155_jpg.rf.25621b89faf34e3fa355439958a98585.jpg, 1, 0, 0, 1, 1, 1
levle2_125_jpg.rf.46a2555b3ce0cd3c33b279142731770a.jpg, 0, 1, 0, 1, 0, 0
levle1_186_jpg.rf.db3b66fecdc2ab161f6af0530f5686f7.jpg, 0, 1, 0, 1, 0, 0
levle0_381_jpg.rf.69831d279aa0336debd659ac00c0f9c5.jpg, 0, 1, 1, 0, 0, 0
levle1_173_jpg.rf.46b26988e2142dd29a46f0ba24839152.jpg, 0, 1, 0, 1, 0, 0
levle0_100_jpg.rf.9b9da6a7a1e9bf4e2c34483c81889912.jpg, 0, 1, 0, 0, 0, 0
levle0_51_jpg.rf.df59339a80c95b0f1115f7c8079b89d1.jpg, 0, 1, 0, 1, 0, 1
levle1_136_jpg.rf.3d977edada7957be9278a244ee57e54d.jpg, 0, 1, 0, 0, 0, 1
levle3_57_jpg.rf.4677ffc10f5281e0f58e19e433afc7f6.jpg, 0, 0, 1, 0, 1, 0
29_jpg.rf.74a24d2e1e6db517f04add1b2ea19573.jpg, 0, 0, 0, 1, 0, 0
levle1_85_jpg.rf.9da6e3edbaa681ea4786751ed38f4106.jpg, 0, 1, 0, 1, 0, 0
levle1_26_jpg.rf.f528df53770444b09ad0f2a8f6d5ade4.jpg, 0, 1, 0, 0, 0, 0
levle1_507_jpg.rf.2ebd77123b52f7d15553d1a0e0fc15cf.jpg, 0, 0, 0, 1, 0, 0
levle0_246_jpg.rf.bf32d3c88cff289b6bb05670aa6397af.jpg, 0, 1, 0, 0, 0, 1
01F3MMXAB4GXR6E77VS39D81C7_jpeg.rf.fd80f2d8e6c8313f7437069ab1c9f91c.jpg, 0, 0, 0, 0, 1, 0
levle1_271_jpg.rf.41747fc863d3d908830e210288205e20.jpg, 0, 0, 0, 1, 0, 1
levle3_57_jpg.rf.f6e193b6bbaabee30e5c80a9c7fd4493.jpg, 0, 0, 1, 0, 1, 0
levle1_32_jpg.rf.96c578cacdd5c9560ce8c0fe941f3bf4.jpg, 1, 0, 0, 1, 1, 0
levle0_175_jpg.rf.968070da4f70528c422d1bf077666a69.jpg, 0, 1, 0, 1, 1, 1
levle0_268_jpg.rf.6b5aaa646d1dfd802db1e5298f2c66e8.jpg, 0, 1, 0, 1, 0, 0
levle2_70_jpg.rf.60e1c32403632acc31d32dbccd44a33c.jpg, 0, 0, 1, 1, 1, 0
levle0_159_jpg.rf.ed650defaae048f4e3d34843411d8eb0.jpg, 0, 0, 1, 0, 0, 0
levle1_165_jpg.rf.46a1e2564eece9a6f24a8ef88d9a07f3.jpg, 0, 1, 0, 0, 0, 0
Dtbezn3nNUxytg04OSydX4UFTsvZNyzTfUsjiAHKsN936d_jpg.rf.02933c6d5fb68aee598e43735150dcf2.jpg, 0, 0, 0, 1, 1, 1
levle0_522_jpg.rf.126ba5f2bd376cf240d6fa5eb8532e8f.jpg, 0, 1, 0, 0, 0, 1
levle1_618_jpg.rf.d50d39f5ae12de6d4f22297d0677b3d3.jpg, 0, 1, 0, 0, 1, 0
levle1_103_jpg.rf.2a25600ac5f1c5aa3b3465f1c773b357.jpg, 0, 1, 0, 0, 0, 0
levle0_373_jpg.rf.bd1825298a51acbfb7f05ed71c933a2f.jpg, 0, 1, 0, 1, 0, 1
levle0_161_jpg.rf.4c795f6f7fd72f00bb8d4fe6aea342e8.jpg, 0, 1, 0, 0, 0, 0
levle2_34_jpg.rf.2544bdb866a471b33d58c97f253fa532.jpg, 0, 0, 0, 1, 0, 0
levle0_444_jpg.rf.fc80f203987257f0303b387e66beb3ff.jpg, 0, 0, 0, 0, 0, 1
levle2_31_jpg.rf.9082331f547533977fe01355ceb1ef17.jpg, 0, 0, 0, 1, 0, 0
23_png.rf.5560ef893abf5f57ab7d7fe31017eeaa.jpg, 0, 0, 0, 1, 1, 0
levle1_198_jpg.rf.a11e4c47d7d6bf948fa9964d74832728.jpg, 0, 1, 0, 0, 0, 0
levle1_56_jpg.rf.c3effb369944cd43e4135edf2681fb13.jpg, 0, 1, 0, 1, 1, 0
levle0_264_jpg.rf.d3b96b3c7143b163ca58e13b3ba8c489.jpg, 0, 0, 0, 1, 0, 1
levle0_482_jpg.rf.868c99535b29bcab27d13d39021ba382.jpg, 1, 0, 0, 0, 1, 0
levle1_302_jpg.rf.0131eb2e9812b27f625693218f943936.jpg, 0, 0, 1, 1, 0, 0
levle0_142_jpg.rf.379a53068b95e4a668d1ab55369c96f3.jpg, 0, 1, 0, 0, 0, 0
levle0_449_jpg.rf.b1e5cf86bc4d8e3c81cff80a694940e3.jpg, 1, 1, 0, 1, 1, 0
levle0_221_jpg.rf.8a3932877c7bed68c025f49218e84eb2.jpg, 0, 1, 1, 0, 0, 1
01F3MMWC2QDXYF6PH3Y80CZ2MR_jpeg.rf.1c997a798aedc5820f534fdcba89f843.jpg, 0, 1, 0, 0, 0, 0
levle0_78_jpg.rf.db2e22f0e5bae6816c908d092cd8401d.jpg, 0, 1, 0, 0, 0, 0
01F3MMWJDWYGQBZM3PTZYMYZDH_jpeg.rf.d536e0063f9f1a51711729fe3dc4bdd9.jpg, 0, 0, 1, 0, 0, 0
levle1_499_jpg.rf.5f666884abded51cc88553310de65d03.jpg, 0, 0, 0, 1, 1, 0
38_jpg.rf.a04d54f1ca9bbea0f3643a30df8bdb28.jpg, 0, 0, 1, 1, 1, 0
levle1_459_jpg.rf.60177cbe46075a923f1250ceb3402cc6.jpg, 0, 1, 0, 0, 0, 0
levle1_278_jpg.rf.9de9869fb451a74dc9451b902bb2e4aa.jpg, 0, 0, 0, 1, 0, 1
levle0_461_jpg.rf.2dbbcbe9b61802d680100b79a3844375.jpg, 1, 1, 0, 0, 0, 0
levle1_232_jpg.rf.4226012c770819c1d0afd6bb517eccc4.jpg, 0, 1, 0, 0, 0, 0
levle1_130_jpg.rf.cfd7fbb3c868fce9ca705e2d5d2ced5a.jpg, 0, 1, 1, 0, 0, 0
levle0_203_jpg.rf.7ce47b2999a90980abd4e78bc04608d7.jpg, 1, 1, 0, 0, 1, 0
levle2_181_jpg.rf.c4acd03d80a9ca0c19d7579ec13c1273.jpg, 0, 0, 1, 1, 0, 0
levle2_68_jpg.rf.926e335bc6ceec2aeac98afcee1d2ad8.jpg, 0, 1, 0, 1, 1, 0
levle0_235_jpg.rf.89d7ea24ddc5e117a8c95748b88232bc.jpg, 0, 0, 0, 1, 0, 1
levle1_55_jpg.rf.dc17e6706ddcc1edfb8e7eed3926fdad.jpg, 1, 0, 0, 1, 0, 0
42_jpg.rf.3cab965af53fd15e456807c7b7cd9261.jpg, 0, 0, 0, 0, 1, 0
levle1_156_jpg.rf.50de8cc6df00e4ffc5cb281346042bbe.jpg, 0, 1, 1, 0, 0, 0
levle0_417_jpg.rf.9185252e92574e60bc9e4a98e1bffb80.jpg, 1, 0, 0, 0, 1, 1
levle0_415_jpg.rf.b3bc50b7aeecc575cb9c88622f44e5e3.jpg, 0, 1, 0, 1, 0, 0
levle0_1_jpg.rf.b3ca7eaeea0112991cb7b786ebde7357.jpg, 0, 1, 0, 0, 0, 1
levle1_265_jpg.rf.a5424244a08c537d1a6ec197b011ee1a.jpg, 0, 0, 1, 1, 0, 0
levle1_126_jpg.rf.bd0cb353ff38746b30576c3cfa8110dc.jpg, 1, 1, 0, 1, 0, 0
01F3MMWTMD0T886A949RXRZTYG_jpeg.rf.c6a3050ec42811016614185cf0b39863.jpg, 1, 0, 0, 1, 1, 1
levle3_73_jpg.rf.d5f579f53397c42469301bf207b0ca7f.jpg, 0, 0, 1, 1, 0, 0
01F3MMVCYP2RSAQXDX608JXCXX_jpeg.rf.f674829b29e4c8ff42be22b4bc8c7cfc.jpg, 0, 0, 0, 1, 0, 0
levle3_129_jpg.rf.5dc4140c8818a01141f994562e924892.jpg, 0, 0, 0, 1, 1, 0
levle0_280_jpg.rf.90ce8bf309776cd0a11e132e882a8cb4.jpg, 0, 1, 1, 1, 0, 0
13_231222_jpg.rf.64fb240bf7d4ff1b7c02cfa1e425943a.jpg, 0, 0, 0, 1, 0, 0
levle2_29_jpg.rf.4df5498cbdb60113d36a72dab0a69625.jpg, 0, 0, 0, 1, 0, 0
levle2_79_jpg.rf.eb6487f025222066f2c47dabb40ad31d.jpg, 0, 0, 0, 0, 0, 1
levle1_141_jpg.rf.3fffecb1a3aa29bf346b7e73fcf8b03f.jpg, 0, 1, 0, 1, 0, 0
levle1_328_jpg.rf.ae4130ad0e28da9fd1c3722b81063a71.jpg, 0, 1, 0, 0, 0, 0
levle0_485_jpg.rf.54a26f91976c84cd1b63df593d5c683b.jpg, 0, 1, 0, 0, 0, 0
levle1_241_jpg.rf.83e84de6f65eeb14d49113e354d39f40.jpg, 0, 0, 1, 0, 0, 0
levle2_126_jpg.rf.cccbd8ed9c191518d184792498ed914a.jpg, 0, 1, 1, 1, 0, 0
levle3_81_jpg.rf.8a37f5303c2aedf18fa8730121137afc.jpg, 0, 0, 0, 0, 0, 0
levle0_73_jpg.rf.35b4136017819af52ca7d59d46f3e372.jpg, 0, 1, 0, 0, 0, 0
levle0_91_jpg.rf.c468883c81bd1b4053add12f063aa8c5.jpg, 0, 1, 0, 0, 0, 1
levle2_33_jpg.rf.82673c1c060e160552fb5a8ae1a19982.jpg, 0, 0, 0, 1, 1, 0
levle0_512_jpg.rf.ca14b32d6bee94cfd345b8048ead3665.jpg, 0, 1, 0, 0, 0, 0
levle0_451_jpg.rf.538d4f13ac2047e3f09ed2aeddf19d38.jpg, 0, 1, 0, 1, 0, 0
levle3_130_jpg.rf.824165484b2537b8416caef5d98d9021.jpg, 0, 0, 1, 1, 1, 0
levle3_50_jpg.rf.67a0acb3e7a73c5194460cf01b80c9cf.jpg, 0, 0, 0, 0, 1, 0
levle1_609_jpg.rf.16a78fcc5d805a5d41fb5764d1b3f881.jpg, 0, 0, 0, 1, 1, 0
levle0_354_jpg.rf.9cdd5e267fef6f86f5a543cffeefe071.jpg, 0, 0, 0, 0, 1, 1
levle0_427_jpg.rf.1e768e4ec01335d733c315856d3eb1da.jpg, 0, 1, 0, 1, 1, 1
levle1_12_jpg.rf.ebef6ff80011b750e8be80e8c1579ddd.jpg, 0, 0, 0, 1, 1, 0
levle1_152_jpg.rf.1aeb144054bd60ea5f27dd5c9235582c.jpg, 0, 1, 0, 0, 0, 0
levle2_187_jpg.rf.a8100501042f2e457f06a7aece39ab86.jpg, 0, 1, 0, 0, 0, 0
levle1_517_jpg.rf.14e3a41a99d626a3858177f946adc18d.jpg, 0, 0, 0, 0, 1, 0
01F3MMVWKDX6DYNPZR9FTXHGCZ_jpeg.rf.6e0d7fd49842cc3e21e2e0880ff18259.jpg, 1, 0, 0, 1, 0, 0
levle1_624_jpg.rf.cb951df4fb7eaf3ac6b8cd7dc7dac67f.jpg, 0, 1, 0, 1, 0, 0
16_jpg.rf.7ee82d2e9064f9de2456551b2a24b3e7.jpg, 0, 0, 1, 0, 0, 0
levle0_256_jpg.rf.dc4e487f1901c942e3b30569eb87fecf.jpg, 0, 0, 1, 0, 1, 1
levle1_185_jpg.rf.c35ae3afb24c5450d9dc1d666e29e9cc.jpg, 0, 1, 0, 0, 0, 0
levle0_488_jpg.rf.2ed345587e451fe2e86fd780b9fcffee.jpg, 1, 1, 0, 0, 0, 1
levle1_121_jpg.rf.44dbbd3671a59e2a93d8531aad8fe1b7.jpg, 0, 1, 0, 0, 0, 0
levle0_59_jpg.rf.0947842c7a37245fe04449147716e62a.jpg, 0, 1, 0, 1, 0, 1
levle2_58_jpg.rf.4ebcf796cdfa6fa27658993d11cb20ee.jpg, 0, 1, 0, 0, 0, 0
levle1_106_jpg.rf.f0f0c8fa8104484895715280e64f0593.jpg, 0, 0, 0, 0, 0, 0
levle2_160_jpg.rf.e0597b4f79958b3eb0ee87d42f7e356c.jpg, 0, 0, 0, 0, 1, 0
levle0_46_jpg.rf.68ac0ffa139fb6da4ce18bda58ddd07d.jpg, 0, 0, 0, 1, 0, 0
levle1_452_jpg.rf.c2cb8a116b2abe20d0fd538d309f427c.jpg, 0, 1, 0, 0, 0, 0
levle0_454_jpg.rf.bb18c24dba9dd95ecb0f11da09b0d822.jpg, 0, 1, 0, 0, 0, 1
levle1_172_jpg.rf.d34549ee1f94001202213b41ffb638ac.jpg, 0, 1, 0, 1, 0, 0
levle3_31_jpg.rf.e4ac475822538584d01dfa65e4e6617d.jpg, 0, 0, 0, 1, 0, 0
01F3MMWEWRPQPKXJDQ6GECJY4C_jpeg.rf.4b18fa2071cf0acb07ae1a50ef59ffab.jpg, 0, 0, 1, 0, 1, 0
levle2_44_jpg.rf.382147ef48afc8cab297c031699dd5a6.jpg, 0, 0, 0, 1, 0, 0
levle1_155_jpg.rf.b2e8c8133ddcc2f219b6264d749f3dc5.jpg, 0, 1, 0, 0, 0, 0
01F3MMWKNWBBNABH0WT02E97TA_jpeg.rf.3bb7a4d9c0faa6404b0b351dda4c8ce2.jpg, 0, 0, 0, 0, 0, 1
levle1_174_jpg.rf.d16ae1d13dec201953fd98886a27d339.jpg, 1, 1, 0, 1, 0, 1
levle1_593_jpg.rf.3e0103d0dd0e94f060eb47123e37e8d1.jpg, 0, 1, 0, 0, 0, 1
levle0_36_jpg.rf.73f3d2eaa72f96c7a2b9298fb625060a.jpg, 0, 1, 0, 0, 0, 1
01F3MMVPDNWJNWNCEF653R3JVM_jpeg.rf.16027c9f011d78a42beb03738acadeb0.jpg, 0, 0, 0, 0, 1, 0
levle2_102_jpg.rf.976a946eb4d178d62257c18c25ff38d7.jpg, 0, 0, 0, 1, 0, 0
levle1_509_jpg.rf.d343ba0b08af27fa1ae128df99618094.jpg, 0, 0, 0, 1, 1, 0
levle1_553_jpg.rf.a14d654865df6c46dfd0ac139f0dc01a.jpg, 0, 0, 0, 0, 1, 0
levle1_217_jpg.rf.ec5f4ddcc496579b56f43e730e7dac66.jpg, 0, 0, 0, 1, 0, 1
levle1_212_jpg.rf.7dc0f04c4821ac3b0c6aab73e8aef930.jpg, 0, 0, 0, 1, 0, 1
levle0_473_jpg.rf.3348cbb4f3f1fc00abbb64ce8510a4a1.jpg, 0, 1, 0, 0, 0, 0
levle0_215_jpg.rf.5ac79cad68a53643e9fd2824faded1da.jpg, 0, 0, 1, 0, 0, 1
levle0_474_jpg.rf.a45e3b84cdff086104376ec4b0ba37e5.jpg, 0, 1, 0, 0, 0, 0
levle1_19_jpg.rf.30da0390ba593bd36fdee371ca6419fd.jpg, 0, 1, 0, 0, 0, 0
levle0_293_jpg.rf.3c00e0aba7efd1145696f7c438d7b7c9.jpg, 0, 1, 0, 1, 0, 0
levle3_62_jpg.rf.5ff24f320b227acccdad19f0b0aebde3.jpg, 0, 0, 0, 1, 0, 0
levle0_297_jpg.rf.0ed15ba706159ed8f6f97bf1a7361b2e.jpg, 0, 1, 0, 0, 0, 1
levle1_636_jpg.rf.78e26e09cb6c5f0a848c47b6e035cd8f.jpg, 0, 1, 0, 0, 0, 0
levle2_26_jpg.rf.8c062428cc90e7198120d4f38f9f008d.jpg, 0, 0, 0, 1, 1, 0
levle1_516_jpg.rf.7b2e2c41a5b3baf7dce4595556aa5a24.jpg, 0, 0, 0, 0, 1, 0
levle1_613_jpg.rf.d0c48514074b478edb0fe0bb995f1fd8.jpg, 0, 0, 0, 0, 1, 0
levle1_513_jpg.rf.862ffa1cc3e54458c1bb454d9a6a20df.jpg, 1, 0, 0, 1, 0, 1
levle1_161_jpg.rf.b8321dd531f9382b5ff466f8d90c1282.jpg, 0, 1, 0, 1, 1, 0
levle1_22_jpg.rf.97828f1b05376b4628cebe7122f07ca6.jpg, 0, 1, 0, 0, 0, 0
a2_jpg.rf.830690b02534a87ebb3ca8c8fdbb37fd.jpg, 0, 0, 0, 1, 1, 0
levle0_0_jpg.rf.42000d9f6710e2c17b06ce1fec0d4d1b.jpg, 0, 1, 0, 0, 0, 0
01F3MMYK6VE9FG2WN2PKGRW6ZR_jpeg.rf.73110f3eb37a2139dde9a9027e0758e1.jpg, 1, 1, 1, 1, 0, 0
levle1_508_jpg.rf.669c0cf7abe40fbf6a7b459a076b4036.jpg, 0, 0, 0, 1, 1, 0
levle1_105_jpg.rf.988ba04b86f8c6755e9214a156b9a443.jpg, 0, 1, 0, 0, 0, 1
levle1_257_jpg.rf.79820a8d133a9cf6b3f0b84ef670b109.jpg, 1, 0, 0, 1, 1, 0
levle0_357_jpg.rf.d64b5a2a2c55e2fd7460dc0996949e03.jpg, 0, 0, 0, 0, 1, 1
levle1_138_jpg.rf.7592ba5327139667d9366154ee955bbb.jpg, 0, 1, 0, 0, 0, 0
levle3_20_jpg.rf.2c52385e29df22626b0bd92dc3a98537.jpg, 0, 0, 0, 0, 1, 0
levle0_468_jpg.rf.2398c37da47f97cb56cab95bafe06d50.jpg, 0, 0, 0, 0, 1, 1
levle2_83_jpg.rf.7d6e04b2223031d011cc1528ad52286f.jpg, 0, 0, 0, 1, 0, 0
a9_jpg.rf.5f8f8c195ca618972de09f1205d2f566.jpg, 0, 0, 0, 0, 1, 0
levle2_177_jpg.rf.bdc1bc1ec5f21b42de03e6bb4a3d25ec.jpg, 0, 0, 0, 1, 1, 0
levle1_427_jpg.rf.7327f67e803df6347370b39fce3d3497.jpg, 0, 0, 0, 1, 1, 1
levle1_191_jpg.rf.a76b61ab6f13c6658bf57f71665e3bc6.jpg, 0, 0, 1, 1, 0, 0
levle0_496_jpg.rf.8f7cb9b0e2733501cc4231b644d8ef32.jpg, 0, 0, 0, 1, 0, 1
levle1_466_jpg.rf.8dddaec1d6078a19f4b37ef04d615752.jpg, 0, 1, 0, 0, 0, 0
01F3MMYB2FEK7TVSTWS6AP4237_jpeg.rf.4e435db5cca25fd2309048297d76ab55.jpg, 0, 1, 0, 1, 0, 0
01F3MMYFK5YWG3CG66AWF2NRA8_jpeg.rf.00bf78a1b9ca476cebf8288474c28283.jpg, 0, 1, 0, 0, 0, 0
01F3MMY9HF7VZ1TE42RVX2W8YJ_jpeg.rf.90afb1101ebe3c11a0d8af6579baca03.jpg, 0, 1, 0, 0, 0, 0
01F3MMY37WC5S8V9A3VD4X56PT_jpeg.rf.3349d9c8ecbfe8ab3c593b8a7fcc5e0c.jpg, 0, 0, 0, 1, 0, 0
levle3_52_jpg.rf.0e52c66332be7b35cc4317740b78abd3.jpg, 1, 0, 0, 0, 0, 0
levle3_46_jpg.rf.4924209bb30a4299627979c5d0b565e8.jpg, 0, 0, 0, 0, 1, 0
levle2_167_jpg.rf.6ea9dca58e37a75d81880ed43f0b910d.jpg, 0, 1, 0, 1, 0, 0
levle1_470_jpg.rf.ecf3c64bb998122e8453add4ebe131f7.jpg, 0, 0, 0, 0, 1, 1
levle1_247_jpg.rf.379e82b94441d26132843ea10b5042ae.jpg, 0, 1, 1, 0, 0, 0
01F3MMYJKHKQRD58Z7TGBB3S3N_jpeg.rf.9ef68eaaa150c3156e6ce4dd158e6f15.jpg, 0, 0, 0, 0, 1, 1
levle1_133_jpg.rf.d34bae47275f423b7bb0dc586cad9802.jpg, 0, 1, 0, 0, 0, 0
levle2_82_jpg.rf.169e048bc85b1a92d0694bc62eb5842e.jpg, 0, 0, 1, 1, 1, 0
levle1_543_jpg.rf.099ce9b8bc26d03c424821f046fe50e7.jpg, 1, 0, 0, 1, 1, 0
levle3_77_jpg.rf.0820d7e9853a4f67d1f282f66a9f2ddb.jpg, 0, 0, 0, 1, 0, 0
levle0_296_jpg.rf.730ce0e2fb4174f5e39511efa790aaf6.jpg, 0, 1, 0, 0, 0, 1
01F3MMYACD6GHPPGMBJ8SE65WG_jpeg.rf.792a72482b897b18a0244dc770cbd4c7.jpg, 0, 1, 1, 1, 1, 1
levle0_303_jpg.rf.925363537ba1666243a45ef755a72121.jpg, 0, 1, 0, 0, 0, 1
levle1_530_jpg.rf.415a7bd1d00b5ba82286d03dad92e2fe.jpg, 0, 0, 0, 1, 1, 0
levle1_588_jpg.rf.2b4211034fc6d5f213a101959f96f16c.jpg, 0, 1, 0, 1, 0, 0
levle1_483_jpg.rf.35602f76aa0a1ac87bfd00c7d68d1b85.jpg, 0, 0, 1, 0, 1, 0
levle0_116_jpg.rf.aaca1f3cd54a950ae4bb130cceb72072.jpg, 0, 1, 0, 0, 0, 0
levle1_220_jpg.rf.44d71ec2f3cfc4b97e138ba834f11661.jpg, 0, 0, 0, 1, 0, 0
01F3MMYKW56M4YKXD1Z3AX7MSE_jpeg.rf.bfd9df779e3bcc926e6fd2d9c76e725d.jpg, 0, 1, 0, 0, 0, 0
levle0_156_jpg.rf.e1b4896c959a3931abd6d59e40f70226.jpg, 0, 0, 0, 1, 0, 0
levle2_42_jpg.rf.0da603f88cc51ecead3b93b04432dd3f.jpg, 0, 1, 0, 1, 0, 0
01F3MMYDBVZQM7Y5BXDY0166AG_jpeg.rf.05b924c0a3f833724f6a37233f24b9d6.jpg, 1, 0, 0, 0, 0, 1
01F3MMY3WTPR3X8P7DH0N0VF44_jpeg.rf.bfeed3b189921e3bd3ff51196fe41415.jpg, 0, 1, 0, 1, 0, 0
01F3MMYEWC8H9BAG1PDNY56W70_jpeg.rf.f463d46f3247d68ed0d8ba790706ace7.jpg, 0, 1, 1, 1, 0, 0
01F3MMWMF7H96ADJ3YGF5TA1KM_jpeg.rf.196ace2416ade2ef1d3058d90a4a6407.jpg, 1, 0, 0, 1, 1, 0
01F3MMX2RXFSJV79X3QMF6XXW8_jpeg.rf.70852653b5a6585b8cc4a9fb4ba270ac.jpg, 0, 0, 1, 1, 1, 1
01F3MMXD1283Z6TWREGFWXYSQM_jpeg.rf.2df9488cae02356a3558fd6a74b7dc71.jpg, 0, 0, 1, 0, 0, 0
19_png.rf.36c3d6cc1626a08fc23b8c87da47d11d.jpg, 0, 1, 1, 0, 0, 0
01F3MMY5FZF8N8BX849Y22JCQW_jpeg.rf.c5b97fcbb89c580a60c612b1e150480b.jpg, 0, 0, 1, 0, 1, 0
levle2_149_jpg.rf.7730dcf876369f9061d2d974d0d6d631.jpg, 0, 1, 0, 1, 0, 0
01F3MMYBPQHZ5K2Q3NJR5DWQ3H_jpeg.rf.35bb6f7c522fa48e8f3db031f9160e28.jpg, 0, 1, 1, 1, 0, 1
levle0_81_jpg.rf.3bb921fcf09d41c10e7f27652583b1e7.jpg, 0, 1, 0, 0, 0, 1
levle1_153_jpg.rf.eaa8f5932544ab5fe4a16f4d7b769e14.jpg, 0, 1, 0, 0, 0, 0
levle3_76_jpg.rf.56b1deaeab0ab4f6f9f4019fb2e378b1.jpg, 0, 0, 0, 1, 0, 0
levle1_200_jpg.rf.8698b8a351970146971e3e7f709d11ab.jpg, 1, 1, 0, 0, 0, 0
levle1_403_jpg.rf.abebb3129368896e51ee02ff3fb28f60.jpg, 0, 0, 1, 0, 0, 0
levle2_154_jpg.rf.a2873e787a8e45601bfef8869dd8b37b.jpg, 1, 1, 0, 1, 0, 0
01F3MMYGDBSNYN60BCACJAZRH4_jpeg.rf.7ecd226571814b66751c9af39b4f7d25.jpg, 0, 1, 0, 1, 0, 0
levle3_103_jpg.rf.8a00d80aa6bc1b7dfb2c69de4e7ec6fa.jpg, 0, 0, 0, 0, 1, 0
levle1_134_jpg.rf.38593bc840cb0441d5b52cc940a156f2.jpg, 0, 1, 0, 0, 0, 0
01F3MMYCDR14CJP0GTSEQTMHVN_jpeg.rf.cd668606701b7cb1684a68e1b80bdd00.jpg, 0, 0, 0, 0, 0, 1
levle1_455_jpg.rf.2dec52b7ee3257dbb12bf065c1b8eeda.jpg, 0, 1, 0, 1, 0, 0
01F3MMY6511W62QXS9V7R450H7_jpeg.rf.42a460f021275c36a59bf28515f97b4f.jpg, 0, 1, 0, 1, 0, 1
01F3MMY7J8SY0408X4DG259G9W_jpeg.rf.65bca36c41d034a77223cdf059d8f1ca.jpg, 0, 0, 0, 0, 1, 0
levle0_358_jpg.rf.701ffaf1cbf1b95cdbf3004b601eb3a9.jpg, 0, 0, 0, 1, 0, 1
levle0_98_jpg.rf.dc40ee5d727d5871e6e709410bef8fe8.jpg, 0, 1, 0, 0, 0, 1
levle1_556_jpg.rf.6e68d2ca43b6fb647c35cf0bdd65a878.jpg, 1, 1, 0, 0, 0, 0
01F3MMX1JKX31TSGA6GK7S16T1_jpeg.rf.ad689bc304ad18e64b556dee9d129f03.jpg, 0, 0, 1, 0, 0, 0
levle0_151_jpg.rf.314bd0cb948a88762c3b40e927637189.jpg, 0, 1, 0, 0, 1, 0
levle0_63_jpg.rf.08c0b41c457fc6cb4b7784155dac5e9d.jpg, 0, 1, 0, 0, 0, 0
01F3MMYH75ARF1ER9C2SJGG6ER_jpeg.rf.4ee016e80c7343d968190f4d42cc1c8e.jpg, 1, 1, 0, 1, 1, 1
levle1_69_jpg.rf.7e30aab3f3085850297159d01b55c52e.jpg, 0, 1, 0, 1, 0, 0
levle3_21_jpg.rf.95423456287c39019b52621e628010ef.jpg, 0, 0, 0, 1, 0, 0
01F3MMY8VFRQGHYA3KE2P27HJT_jpeg.rf.310b5e3986a6d66fa6890d5f03fda443.jpg, 0, 0, 0, 1, 0, 0
levle2_73_jpg.rf.a91961bd6a8cbe579872115198d9da98.jpg, 0, 1, 0, 0, 0, 0
levle1_449_jpg.rf.f990acee6f3b3cb9e4ff877f54a218ab.jpg, 0, 0, 0, 1, 1, 0
01F3MMY4J53Z59TW33Y4D840DM_jpeg.rf.65b47cef7ba044d1e97b946dda7a9972.jpg, 0, 0, 0, 1, 1, 0
01F3MMVYT4SJ23G9XQQ3S8BKNE_jpeg.rf.5baee614d965f81a1073e541414be2f2.jpg, 0, 1, 0, 0, 1, 0
01F3MMY1W7BKARQ7SMST6FA3WF_jpeg.rf.dbc0b5319a634df60255703c04f99209.jpg, 0, 0, 0, 0, 1, 1
levle0_271_jpg.rf.fe3fb491d58b338acc8606b58598751d.jpg, 0, 1, 0, 1, 0, 1
levle0_127_jpg.rf.b79e59aef8bde290920fc7d0853c3c84.jpg, 0, 1, 0, 0, 0, 1
levle1_142_jpg.rf.21d69c17017e7868e36d4bad42e436f2.jpg, 0, 1, 0, 1, 0, 0
levle2_77_jpg.rf.971013eabf08f834deab8bf47ad1c855.jpg, 0, 1, 0, 0, 1, 0
levle1_139_jpg.rf.09c4a3248015bd020d0cb0e596c8b018.jpg, 0, 1, 1, 1, 0, 0
01F3MMY6WDE51YPNWN837J5VBM_jpeg.rf.564daf59bd4226c97e53eb94f2744596.jpg, 0, 1, 0, 1, 0, 0
01F3MMYHWYZV3YVFBXQGTF43D6_jpeg.rf.a2fa599dd8c201ec19bcfe52e34b15c2.jpg, 0, 1, 1, 0, 1, 0
levle1_158_jpg.rf.339a6e68e5c9943564a262842c83bc14.jpg, 0, 1, 0, 0, 0, 0
01F3MMY86R7W5CGSXKR551GQVK_jpeg.rf.5f21304dd120674fc83d51167cdff517.jpg, 0, 0, 1, 0, 0, 0
28_jpg.rf.c6d54a9576e092856110f019b9bdbbad.jpg, 0, 0, 0, 1, 1, 0
levle2_50_jpg.rf.f579fa6b474eb162c0de21052fba90bd.jpg, 0, 1, 0, 0, 0, 0
01F3MMW28Z2J8R32ZE4BECFRS8_jpeg.rf.d0371faa8032c3e0a9a0a240eb865cbf.jpg, 0, 0, 0, 1, 1, 0
levle1_57_jpg.rf.f79e87501f8df4b030bdfacdc5851fdb.jpg, 0, 1, 0, 1, 1, 0
levle1_623_jpg.rf.a4372fd982824c8655a2aa4a999345cb.jpg, 0, 0, 0, 1, 1, 1
levle0_441_jpg.rf.511f8c6c5684c2a66704ab49ecb634fd.jpg, 1, 1, 0, 1, 0, 1
levle0_128_jpg.rf.d69b624976eb3a2f5bcfd66350e8e74e.jpg, 1, 1, 0, 1, 0, 0
levle0_76_jpg.rf.25705de9259cca7015c71da2b0e3f1bf.jpg, 0, 1, 0, 1, 0, 0
levle1_20_jpg.rf.fea4981d01dbc762b82e08b673785935.jpg, 0, 1, 0, 0, 0, 0
34_jpeg.rf.59329f4bc7e4327140c07335ceb48a72.jpg, 1, 0, 0, 0, 0, 0
levle0_211_jpg.rf.2db2900f939691384185e2240a882b42.jpg, 0, 1, 0, 0, 0, 1
levle1_354_jpg.rf.4e3ff9353ec1dd63f57b32458e9c4252.jpg, 0, 1, 1, 0, 0, 0
01F3MMVMD3Q7GAY0YKSMEZ76K5_jpeg.rf.c4fee7185aa164a5a4cacb28b5c09b85.jpg, 0, 0, 0, 1, 1, 0
levle1_475_jpg.rf.595d215236bdd13ff27bdc32df40d8a8.jpg, 0, 0, 0, 1, 1, 0
levle1_29_jpg.rf.35d873c78c2cb30e2c3b21381c2899c7.jpg, 0, 1, 0, 1, 0, 0
levle3_58_jpg.rf.c7103b820b027b0d664abe94d4e9bb70.jpg, 1, 0, 1, 0, 1, 0
levle1_77_jpg.rf.736a21a4f50ce54cf941df30e7aa2670.jpg, 0, 1, 0, 1, 0, 0
levle1_464_jpg.rf.05fb7a6c831b78a667f0bebc05c2e696.jpg, 0, 1, 0, 0, 0, 0
levle1_467_jpg.rf.cba57b6b5c252c8ca614469f581c16e7.jpg, 0, 1, 0, 0, 0, 0
levle1_605_jpg.rf.0683c22122a0c7dd88a161b08f10b032.jpg, 0, 0, 0, 1, 0, 0
levle2_100_jpg.rf.8b337dde4f8f39bba690f4ac0152a80b.jpg, 0, 0, 0, 1, 0, 0
levle0_89_jpg.rf.de759dad7684144b2cfcde35882e8569.jpg, 0, 1, 0, 0, 0, 0
levle0_206_jpg.rf.f474ee2ceff35e14ddcdd4b64705488e.jpg, 0, 1, 0, 0, 0, 1
levle0_459_jpg.rf.bae8b656acd2025e371185af36846c75.jpg, 1, 1, 0, 1, 0, 0
01F3MMWE5K79PAZ2BXYDN3NG2F_jpeg.rf.1d49920dd6f80eb3cf1808ae18423713.jpg, 0, 0, 1, 0, 0, 0
01F3MMV8WG2NTHD2GECY8BMC9X_jpeg.rf.5b0186efed147e070391163a5aafbee1.jpg, 0, 0, 1, 1, 0, 0
36_jpg.rf.ac83a4cc3794ea3274c518c491930c7d.jpg, 0, 1, 1, 1, 1, 0
levle1_634_jpg.rf.e412cc8077ebe4f97c382e9c485afb36.jpg, 0, 0, 0, 0, 1, 0
levle1_472_jpg.rf.49e365d1d182cfa6f049e9ecc3adc773.jpg, 0, 0, 0, 1, 0, 1
13_jpg.rf.899473355bce1fb04acabe0b677efc94.jpg, 0, 0, 0, 1, 1, 0
01F3MMW2Y2EEM0YF89SD96ZNGJ_jpeg.rf.eb9230c146dbfd568223fd48be61264a.jpg, 0, 0, 0, 1, 1, 0
01F3MMVAVT1Z7Z6RNST2XYWXHM_jpeg.rf.83624c5f48186e25dcb118db6d589587.jpg, 1, 0, 0, 1, 0, 1
levle0_419_jpg.rf.60a0b3414989ab2519323df3acf15a03.jpg, 0, 1, 0, 0, 0, 1
levle1_523_jpg.rf.536343666925e8cea155daa75950696f.jpg, 1, 0, 0, 0, 1, 0
levle0_228_jpg.rf.436c574a63f9dadd172f8c5e94ef34a1.jpg, 0, 1, 0, 0, 0, 1
levle1_595_jpg.rf.7613a9c59773c6cce369f7dd3c3df23b.jpg, 0, 0, 0, 1, 0, 0
levle1_417_jpg.rf.4ea5a2cb71b234e818a5c4b00d3ddd6f.jpg, 0, 0, 0, 1, 0, 0
01F3MMV6NBB013AEV2SH04SRQ9_jpeg.rf.f1561b888adcf6f0cb3349ec9f4b6479.jpg, 0, 0, 1, 1, 1, 0
levle2_130_jpg.rf.2a6a7399bb96600c8d68f09079b3700c.jpg, 0, 1, 0, 0, 0, 0
levle1_566_jpg.rf.7e6a63703bac35e13d1368e15cd0c1e5.jpg, 0, 0, 0, 1, 0, 0
01F3MMXZNGTYR6W8XWY0NEBP3Y_jpeg.rf.9e01a22393cc24fcbcf2fad76fed4c8b.jpg, 0, 0, 0, 0, 0, 1
levle0_265_jpg.rf.6d8d7f9e1fe99ea7ebe2d8004f4c0712.jpg, 0, 1, 0, 0, 1, 1
levle1_571_jpg.rf.dafa517b4a0ee51ad6547bba8f22ba1d.jpg, 0, 1, 0, 1, 0, 0
levle2_183_jpg.rf.ec5a512af2cc0e3e6c6ee00322503270.jpg, 0, 0, 1, 1, 1, 0
levle1_557_jpg.rf.cf02b81db92eef9b72a4488709ed3761.jpg, 1, 1, 0, 0, 0, 1
levle2_51_jpg.rf.228950af46c108b42bfdedce0de15a2a.jpg, 0, 1, 1, 1, 0, 0
01F3MMX425PSHQZGCBHMQPVEYW_jpeg.rf.39763c6259a2205395d2099005b094c1.jpg, 0, 0, 1, 0, 0, 0
levle1_128_jpg.rf.506bc5f4a390f0f45fff0eb192fad83a.jpg, 0, 1, 0, 1, 0, 0
levle1_547_jpg.rf.309bd96aed9fada36d514fabcfe6dbdd.jpg, 0, 0, 0, 1, 0, 1
01F3MMX64ED5NBG8MY7SYNDM95_jpeg.rf.62144fba5d53ae34f3e2059359bb7a35.jpg, 0, 0, 0, 1, 1, 0
levle1_481_jpg.rf.00707f1464f8c76127a3494dedfbcdc7.jpg, 0, 0, 0, 1, 0, 0
levle0_489_jpg.rf.4ed1c24a888021f473c230457194d2a1.jpg, 1, 1, 0, 0, 1, 1
a4_jpg.rf.6096d1fa4ac32064feb78cf00733241a.jpg, 1, 0, 0, 1, 1, 0
levle1_199_jpg.rf.41fe22a09095603e94076a3ae0a0c465.jpg, 0, 1, 0, 0, 0, 0
levle0_379_jpg.rf.7fb34b4454d1c32afd8bf13123e5ed0f.jpg, 0, 1, 0, 1, 0, 0
levle0_209_jpg.rf.884fb7df8e616a5229c10f4680f54320.jpg, 1, 1, 0, 0, 0, 1
levle0_405_jpg.rf.0b5e1acad090695a02cec352413c47a6.jpg, 0, 0, 0, 1, 0, 0
levle3_63_jpg.rf.bb5ca0c2f17b799a50e00971e673eff4.jpg, 1, 0, 0, 1, 1, 0
levle1_107_jpg.rf.5bd6efdfd2599d8212e72876d692a824.jpg, 0, 1, 0, 1, 0, 0
levle1_480_jpg.rf.aff89aa3d0eeee63172003aea667abc9.jpg, 0, 0, 0, 1, 0, 0
levle1_47_jpg.rf.134c35f762bc2a886b41377775c49eb7.jpg, 0, 0, 0, 1, 0, 0
levle2_69_jpg.rf.bdbf7acfff089334f91cc7cc9112b608.jpg, 0, 0, 0, 1, 1, 0
levle2_132_jpg.rf.63030b266e468d2a519f9ba7f44fd6ed.jpg, 0, 1, 0, 0, 1, 0
levle1_506_jpg.rf.dd7f415a1fdc39c8883a4f8a7fef2f97.jpg, 0, 0, 0, 0, 1, 0
levle1_163_jpg.rf.d3ec40c521849a17c463ca4e6177f22f.jpg, 1, 1, 0, 1, 0, 0
levle1_619_jpg.rf.5574ae7298edb30dfee127c3c82967fe.jpg, 0, 1, 0, 1, 1, 0
levle1_594_jpg.rf.7ec4d23304f433114bbec4dc9f64a1df.jpg, 1, 1, 0, 0, 0, 0
levle1_190_jpg.rf.eb390e3551d6963823b637cb1313e5ff.jpg, 0, 1, 1, 0, 1, 1
levle3_84_jpg.rf.587aa4d6893e01949ed20738df2bfceb.jpg, 0, 0, 0, 1, 1, 0
levle0_112_jpg.rf.dfb4470f4cc829793cbfe0a04b4cf8fb.jpg, 0, 1, 0, 0, 0, 0
levle1_117_jpg.rf.d98cee9bc9c33298338007e5d4a689fe.jpg, 1, 0, 0, 1, 0, 0
levle1_262_jpg.rf.3903fff228b19da3ab60c50dbc0024f3.jpg, 0, 1, 0, 1, 0, 0
levle1_119_jpg.rf.32d07e14ba780426bd6a1d939577db52.jpg, 0, 0, 0, 1, 0, 0
levle1_562_jpg.rf.221478fb7646ac52afaea24efc1ee5a5.jpg, 0, 0, 0, 1, 0, 0
01F3MMX85MKKVDR2PMR3S2F4B6_jpeg.rf.b3cd5b3a868a74c4aabbb937ca39d0a6.jpg, 0, 0, 0, 0, 0, 1
01F3MMV85WEDGQ0CZF4SMWFM45_jpeg.rf.9629038f3e2b6525623c2396ec2bdacc.jpg, 0, 1, 0, 0, 1, 0
levle0_122_jpg.rf.610e05680418e9700ffcefb2c7a5eda0.jpg, 0, 1, 0, 0, 0, 0
levle1_436_jpg.rf.0c95d1ea361d4873f954c6f1625a4dd7.jpg, 0, 1, 0, 1, 0, 0
levle1_468_jpg.rf.b7aeb3a8243e7993a1d6718f3956e2fd.jpg, 0, 1, 0, 0, 0, 0
levle0_504_jpg.rf.a7d468d9661114143651697f73cf648d.jpg, 1, 1, 0, 1, 0, 0
levle0_183_jpg.rf.811d28c4d8b3e5673a61b47751c4ce17.jpg, 0, 1, 0, 0, 0, 0
32_jpg.rf.2908fd6acdc4148a5bed0cc3188d5373.jpg, 0, 0, 0, 1, 1, 0
levle0_15_jpg.rf.99443e430db17904d0cf2d68fdb0e8cf.jpg, 0, 0, 0, 0, 0, 1
levle1_122_jpg.rf.cc6c0d0d42b8e34fdfb20fdda67b39fd.jpg, 0, 1, 0, 1, 0, 0
levle0_305_jpg.rf.9715730cd44842785a2822aaba350daf.jpg, 0, 1, 0, 0, 0, 0
levle0_97_jpg.rf.097cf9c5a1310f588ac9e3bc69d50ae5.jpg, 0, 0, 0, 1, 1, 1
levle1_422_jpg.rf.034750a1d519926d168022784d1c78c7.jpg, 0, 0, 0, 1, 0, 1
levle1_401_jpg.rf.d14e0f5223ef42d017b1ce35230ba41a.jpg, 0, 0, 0, 1, 1, 1
levle0_212_jpg.rf.da91fddc8053b3609642b5b7e2b624aa.jpg, 1, 0, 0, 1, 1, 1
levle0_400_jpg.rf.82d1f5eec83b39ae1b22fa9eadc05f26.jpg, 0, 1, 1, 1, 0, 0
levle0_122_jpg.rf.ce0bd0cc301abf4793d414a7db14001a.jpg, 0, 1, 0, 0, 0, 0
levle2_59_jpg.rf.cdcaad2e1ec235200f7330c57991741e.jpg, 1, 0, 1, 1, 1, 0
levle0_253_jpg.rf.16dbaa3a08ce1a99f454de172af94115.jpg, 0, 1, 0, 0, 0, 1
levle1_50_jpg.rf.9d74f05dcf68b60f532872c8d84ee2ef.jpg, 1, 0, 0, 1, 0, 0
levle0_294_jpg.rf.38d346fab8ae913c9924a58a38204b47.jpg, 0, 1, 0, 0, 0, 0
levle0_118_jpg.rf.d408de926386846d42ada6f81d1ef35d.jpg, 1, 1, 0, 1, 0, 1
levle0_489_jpg.rf.0bf5b57716457a5fcf263269c114b3d9.jpg, 1, 1, 0, 0, 1, 1
01F3MMWQ8CPEGRTX4RR44TCJH8_jpeg.rf.b2df98df4a1035acaf516515364254a4.jpg, 1, 0, 1, 1, 1, 1
levle1_100_jpg.rf.cb2cdc8f7d64413e27382b8d7efb02cc.jpg, 0, 1, 0, 1, 0, 1
levle2_180_jpg.rf.de61395aa69ba69f31d7e8280c5e34e6.jpg, 0, 0, 1, 1, 0, 0
levle1_0_jpg.rf.f2447a628ab862b8a3626b932a50e111.jpg, 1, 0, 0, 1, 0, 0
levle1_501_jpg.rf.43d7ecc27d4a004aa81ee276ea72998c.jpg, 1, 1, 0, 0, 1, 1
levle0_40_jpg.rf.40373f122084be5b4e1d9782c8fc3632.jpg, 0, 1, 0, 1, 0, 1
levle0_76_jpg.rf.5516aabeb8dbf8cdcb6b7366fc1facb2.jpg, 0, 1, 0, 1, 0, 0
levle2_108_jpg.rf.931a922e689b583cbb3a0f5e79fcfacf.jpg, 1, 0, 0, 1, 1, 0
01F3MMX3DB7W0CEV30K2NZZR8Q_jpeg.rf.902b121a0ae9929b5bbb7c6739b72506.jpg, 0, 1, 0, 0, 1, 0
levle1_437_jpg.rf.9d507adbdeaacb7323dbe0f4ede3fef8.jpg, 0, 1, 0, 0, 0, 0
levle1_189_jpg.rf.36e10f30507a7bf6e6989bc768ffba58.jpg, 0, 1, 1, 0, 0, 1
levle1_316_jpg.rf.a6fdd4edb03fdf23e911b842e67fc742.jpg, 0, 0, 1, 0, 0, 0
01F3MMW9B3FDZVQ1FDZKK5XY7Y_jpeg.rf.dd00816bdf9504168edb8e894f654aca.jpg, 1, 0, 0, 0, 1, 1
levle1_187_jpg.rf.61737de40965eb4c69ee1bcf40f820ae.jpg, 0, 1, 0, 1, 0, 0
levle3_49_jpg.rf.0e6bbc7c0c7f140c125ca47b5b71a089.jpg, 0, 0, 0, 1, 1, 0
levle1_591_jpg.rf.0495611ab90a1b998c8010f4212bdd5f.jpg, 0, 0, 0, 1, 1, 0
01F3MMXHDK6SC93PVPSB2MFG62_jpeg.rf.0940d69d7ea637fd3d85c26bfadf164c.jpg, 0, 1, 0, 0, 0, 1
levle1_468_jpg.rf.e3df3430a35b66000be1ffe227a6c0d9.jpg, 0, 1, 0, 0, 0, 0
levle2_66_jpg.rf.e010c9d8bd6dd92fbf677af3fee6e621.jpg, 0, 1, 0, 0, 0, 0
levle1_63_jpg.rf.853a27884fbd112bfd916b6438608c89.jpg, 0, 1, 0, 1, 1, 0
levle2_65_jpg.rf.363829f7290ae0446801ceefa4068f3d.jpg, 0, 1, 0, 1, 0, 0
01F3MMZ02QJ70C2QHKWDNJRWV6_jpeg.rf.b96729e2c5c33862b9d238dec56b3797.jpg, 0, 0, 0, 0, 1, 1
levle1_600_jpg.rf.352e87516b05c48dee038e80e76dfad9.jpg, 0, 0, 0, 1, 1, 0
01F3MMXEDG1P94EJZ287EMNB9T_jpeg.rf.926d8c963625441dd97972cd3ac29b55.jpg, 1, 0, 0, 0, 0, 0
levle0_491_jpg.rf.217a5b4c316a87110a2fcfd803a59730.jpg, 0, 0, 0, 1, 1, 1
levle3_72_jpg.rf.3fea053437ecbbd4037b11086496abf7.jpg, 1, 0, 0, 1, 1, 0
levle1_102_jpg.rf.9d9133fdc7dfb0cf166733205740d071.jpg, 0, 1, 0, 1, 0, 0
levle0_518_jpg.rf.0a335bc34a1fe74cebb8284abd163914.jpg, 0, 1, 0, 0, 1, 0
levle3_58_jpg.rf.ea2c3271c1a974c8b2c5e443734750a4.jpg, 1, 0, 1, 0, 1, 0
levle1_187_jpg.rf.6ac6beee2ed55f4028988b22667e571c.jpg, 0, 1, 0, 1, 0, 0
levle0_4_jpg.rf.af0657adc762e2e476d35abd87440e05.jpg, 0, 1, 0, 1, 0, 0
levle0_376_jpg.rf.b8057eb3a8be78307d5434cde15ff7c7.jpg, 0, 1, 0, 1, 0, 0
levle3_84_jpg.rf.320e9115c89f9221cefd35544b7ccc5d.jpg, 0, 0, 0, 1, 1, 0
levle3_71_jpg.rf.74e6835bf7106b47b2eb072da3fec495.jpg, 0, 0, 1, 0, 1, 0
levle1_494_jpg.rf.69b71024ee866720b4836817c3064655.jpg, 0, 1, 0, 1, 0, 0
levle1_204_jpg.rf.4df64a09e012b7a59c615b56bbf78e93.jpg, 0, 0, 0, 1, 0, 0
levle1_402_jpg.rf.9a551defe844181c42ed31bf11fccef7.jpg, 1, 0, 0, 1, 0, 1
levle0_368_jpg.rf.9af58a325ce2f983ee2d940143090ed2.jpg, 0, 1, 0, 0, 0, 1
levle2_81_jpg.rf.7d84a76b970c63d84ff165e398a575a4.jpg, 0, 0, 0, 1, 1, 0
levle1_127_jpg.rf.0b5cf10effa8044fff2a0e296f08da7d.jpg, 0, 1, 0, 1, 0, 0
levle0_526_jpg.rf.be650959fbedac03cd3f79c802bee026.jpg, 0, 1, 0, 1, 0, 0
01F3MMXFXYSP328NBSJCV28XBP_jpeg.rf.5de3913a949c0a8b3d66bcc366364306.jpg, 0, 0, 1, 0, 1, 0
20_jpg.rf.d7e7ffcf1dbc8fb7576dccd092faa995.jpg, 0, 0, 0, 1, 1, 0
levle2_84_jpg.rf.9e7999cdcb1d5c5466e1c75bb43db98e.jpg, 1, 0, 0, 1, 0, 0
levle0_428_jpg.rf.9c6329459c073d0998ac0d8d4a77bf83.jpg, 0, 0, 0, 1, 1, 0
01F3MMWRMC4TXQKFQWF8PSB3WS_jpeg.rf.6d7c48ab34d1916255f0097334c448e7.jpg, 1, 0, 1, 1, 1, 0
levle1_80_jpg.rf.cb6ee4c6bb599a94f218af56681f5757.jpg, 0, 1, 1, 1, 0, 0
levle1_330_jpg.rf.3e56e2bcbaa741e8b736ea3969994f7e.jpg, 0, 1, 0, 1, 0, 0
levle1_480_jpg.rf.3b79850fbc27f2b64e08e58a5464232a.jpg, 0, 0, 0, 1, 0, 0
levle2_176_jpg.rf.31560fad4a8337eeecccc0cf29795440.jpg, 0, 0, 1, 1, 1, 0
01F3MMV9KCGYSHB820P93Q5H48_jpeg.rf.58b34aab162455d647964885cabb08a1.jpg, 0, 0, 0, 1, 1, 0
levle1_474_jpg.rf.fbdc7c36231421be0935c0a31058e520.jpg, 0, 0, 0, 1, 0, 1
levle1_195_jpg.rf.0f4c82e048ae00a61b61540b1e4e91fb.jpg, 0, 1, 0, 0, 0, 0
levle2_145_jpg.rf.c55543f973d4046e64c182e2e6d239d7.jpg, 0, 1, 0, 1, 0, 0
levle2_47_jpg.rf.82607d98735a2c77a4cc3f7c4f5bc99f.jpg, 0, 0, 0, 1, 0, 0
levle0_378_jpg.rf.b61477e1d078af0eb8eec4694bae8b68.jpg, 0, 1, 0, 1, 0, 0
01F3MMVTMQSATJ080EXHDAME49_jpeg.rf.4bd8ceeca076c59569a2fb715e68898d.jpg, 1, 1, 0, 0, 0, 0
levle1_419_jpg.rf.f4c6e58285059fa7e1d7dbd6fbc3a59e.jpg, 0, 1, 0, 1, 1, 0
levle1_525_jpg.rf.898247b7d4efca383a6817f737ae81b3.jpg, 0, 1, 0, 1, 0, 1
levle0_291_jpg.rf.0fe8c9e0bde06c8a688d9f6f045095b6.jpg, 0, 1, 0, 0, 0, 1
levle0_291_jpg.rf.399f4b1484d0d1b14c097dba633eb672.jpg, 0, 1, 0, 0, 0, 1
20_jpg.rf.895b228277626c99b085a35c9b0819c8.jpg, 0, 0, 0, 1, 1, 0
levle0_276_jpg.rf.1b442be71e14ff3a887c711cdf10d081.jpg, 0, 1, 0, 0, 0, 1
levle0_412_jpg.rf.c9bf1a50ed4fecd36824758b617954f9.jpg, 0, 0, 0, 0, 0, 1
levle1_15_jpg.rf.612108a55b1478e1a87777bba55df1ba.jpg, 0, 1, 0, 0, 0, 0
01F3MMXFXYSP328NBSJCV28XBP_jpeg.rf.05335e760025d8fe5d9a828514460881.jpg, 0, 0, 1, 0, 1, 0
a10_jpg.rf.2cfc13372e26fd08059e9fd2c6e819c5.jpg, 0, 0, 0, 1, 0, 0
levle1_568_jpg.rf.eec0ec6c48b7dbcabec21dd0c11849d3.jpg, 0, 1, 0, 1, 0, 0
levle1_529_jpg.rf.a7e191dae24bdf9d7243de608e426e86.jpg, 0, 0, 0, 0, 1, 0
levle0_52_jpg.rf.6575147dae640102c83a5d27e0f851ed.jpg, 0, 1, 1, 0, 0, 1
levle3_71_jpg.rf.b33fb850eb9bdcbbb0f0b2bcf53915a2.jpg, 0, 0, 0, 0, 1, 0
levle2_61_jpg.rf.c1d5893c1291b1e09c3abd9717f75e66.jpg, 0, 1, 0, 0, 0, 0
levle0_189_jpg.rf.bb435d7eea3f1efc85852f45c5a1f12d.jpg, 0, 1, 0, 0, 0, 1
01F3MMWT0B1CGT5C650VZ0YSPN_jpeg.rf.de241eb7da45251500c7933cc0e87e28.jpg, 1, 1, 0, 1, 1, 0
levle1_569_jpg.rf.6b7dd390f125b1822ddfe381bb995fc9.jpg, 0, 1, 0, 0, 1, 0
levle1_16_jpg.rf.40f4038d74c57148ce12642b593a7145.jpg, 0, 1, 0, 0, 0, 0
levle3_47_jpg.rf.4781036ab7eb26b9d116160ec8c6e905.jpg, 0, 1, 0, 1, 1, 0
01F3MMX6SD07BKJYXNPC9DHQTD_jpeg.rf.b2fd14d8884cc9b4cf87afcd7f03907a.jpg, 1, 0, 0, 0, 0, 0
levle0_465_jpg.rf.0632ab900f8ecd60da25978bd8510c50.jpg, 1, 1, 0, 0, 0, 1
levle3_90_jpg.rf.136a102177a903527d77cf75d2e47d06.jpg, 0, 0, 0, 1, 1, 1
levle1_451_jpg.rf.158a0faf3fc678bd820adfbe03130733.jpg, 0, 0, 0, 1, 0, 0
01F3MMV9KCGYSHB820P93Q5H48_jpeg.rf.a0db6593cae6336aae37094d27077df2.jpg, 0, 0, 0, 1, 1, 0
levle2_78_jpg.rf.49c65f12f39f98f55cc347fb6599fe08.jpg, 0, 1, 1, 0, 0, 0
levle1_131_jpg.rf.878c2cf0527dcbb7e61083967d78db71.jpg, 0, 1, 0, 1, 1, 1
levle1_64_jpg.rf.ae74ae3520a7059d3d1df724f0f6fcbc.jpg, 0, 1, 0, 1, 0, 0
levle1_360_jpg.rf.a9e37755a864402ef7f572e794cca877.jpg, 0, 1, 0, 0, 1, 1
levle2_43_jpg.rf.c06438b013c1e1a801fe4f71bfc61825.jpg, 0, 1, 0, 1, 1, 0
01F3MMX07Y51CVWR7YR2B4VS7X_jpeg.rf.a836d610fdcf168a2a752832e746ab14.jpg, 0, 0, 0, 0, 0, 1
levle1_17_jpg.rf.59d1f62f409dac030da453b1009fbd69.jpg, 0, 1, 0, 1, 0, 0
levle0_58_jpg.rf.0e7a6ea3a8544f39b05f17dd8f70e915.jpg, 0, 0, 0, 0, 0, 1
levle1_116_jpg.rf.eef7ae2a8f1f28a3aa599913da1bc7f5.jpg, 0, 1, 1, 0, 0, 0
01F3MMXCBM9Y4W3GB8FVCD2W56_jpeg.rf.6aa6889c59f9c0f80055779cfb6ea724.jpg, 0, 0, 0, 1, 0, 0
levle0_204_jpg.rf.ade8399889b7ffdb84575b94fda74920.jpg, 0, 1, 0, 0, 0, 1
levle1_49_jpg.rf.aeeecf85c7164ae6c5a306a5f3b77732.jpg, 0, 1, 0, 0, 0, 0
levle2_130_jpg.rf.81f89a8a4d48f0c52570961782459442.jpg, 0, 1, 0, 0, 0, 0
levle0_322_jpg.rf.08270d21d4f19201b7ef7e18f875a0f4.jpg, 0, 0, 0, 0, 0, 1
levle1_170_jpg.rf.9b1c43eca63139977eb5efb42bd3be28.jpg, 0, 0, 0, 1, 0, 0
levle0_121_jpg.rf.95f37b1a6dadc5dba39c8ff72c02fd26.jpg, 1, 1, 0, 0, 0, 1
levle1_541_jpg.rf.1d47f7b873b4e61954df18168de8f7a3.jpg, 0, 0, 0, 1, 1, 0
levle1_538_jpg.rf.b6ca75437deaab62d811935adfcad6bb.jpg, 0, 1, 0, 0, 1, 0
a4_jpg.rf.46fbf0e806d9b304f91ed9ce22b251b2.jpg, 1, 0, 0, 1, 1, 0
01F3MMXXQ216VQQCFX52XE8YJM_jpeg.rf.75e2e66e103262992eb626fc28064424.jpg, 0, 0, 0, 1, 0, 0
levle0_265_jpg.rf.060eca3c8cc1b4ada5062e75a8dfa307.jpg, 0, 1, 0, 0, 1, 1
01F3MMVNR3XB2A86H1Y87XW2SE_jpeg.rf.9390b3b1096a4cca77c2dbfd3f2d967f.jpg, 1, 0, 0, 0, 1, 1
levle1_603_jpg.rf.6a31f3ee08649f74beb95254948a2ea6.jpg, 0, 1, 1, 1, 0, 0
01F3MMYMKG199SD4K8HKD9NKP5_jpeg.rf.2b4dcddeaafbbd47ef6a1b3328796bd2.jpg, 0, 1, 0, 1, 1, 1
01F3MMVN2R6JWP0Z4SXC4EBCBE_jpeg.rf.a6b6107ca2868373697541c74559489d.jpg, 0, 1, 0, 0, 0, 0
levle1_577_jpg.rf.e54f84d06a2d2f426839d9473ad3f046.jpg, 0, 0, 0, 1, 1, 0
levle0_443_jpg.rf.3ea8c1300ac3c3355397d552dd1de6ed.jpg, 1, 0, 0, 0, 0, 1
levle1_567_jpg.rf.774a17e4421b470792c6eae0a15036d5.jpg, 0, 1, 0, 0, 0, 0
levle3_91_jpg.rf.0f0437344220e5da62fbf0b2669221ec.jpg, 1, 0, 0, 1, 1, 0
levle1_432_jpg.rf.18039c1ae5e2f3391ebc82a2cc9153bc.jpg, 0, 0, 0, 1, 1, 0
levle0_80_jpg.rf.c089609604eef4f8f468d96a18f83b87.jpg, 0, 0, 0, 0, 0, 1
levle1_115_jpg.rf.93592d66c32c0ef5fe6d14542f0d931a.jpg, 1, 1, 0, 1, 0, 1
levle1_475_jpg.rf.13ecb5d2af9581b2cebb92469e147319.jpg, 0, 0, 0, 1, 1, 0
levle0_484_jpg.rf.a86446b61404efb58332b00e57302245.jpg, 0, 1, 0, 1, 0, 0
30_jpg.rf.6cae32a02412accf93841291674bf061.jpg, 1, 0, 0, 0, 0, 1
levle1_502_jpg.rf.5afeb592279a4b1c1ca25d516874a2e8.jpg, 1, 0, 0, 1, 1, 1
levle0_21_jpg.rf.8d67633dd286397e00fa7d7014fd511c.jpg, 1, 1, 0, 0, 0, 1
levle0_446_jpg.rf.680b4278f3bc457fd5943c6560f85262.jpg, 1, 0, 0, 0, 0, 1
levle0_97_jpg.rf.7efdc813c8f01db9a8e402e3e04c5bfd.jpg, 0, 0, 0, 1, 1, 1
levle2_25_jpg.rf.de905324c88ac22b992a42dd19d0182e.jpg, 1, 0, 0, 0, 1, 0
levle1_623_jpg.rf.a95d2122de479b01f78d3b69ef648f1c.jpg, 0, 0, 0, 1, 1, 1
levle3_24_jpg.rf.e8bf888d09172b3f0640badb4efa79ff.jpg, 1, 0, 1, 1, 1, 0
levle1_0_jpg.rf.c0e5d7520d61bbc4c1f5160e4446fe49.jpg, 1, 0, 0, 1, 0, 0
levle1_70_jpg.rf.55cc1772c465eb76f65d287b49bc2a92.jpg, 0, 1, 0, 1, 0, 0
levle0_315_jpg.rf.76b5bcf8ccc641d6819fe919a4785d90.jpg, 0, 1, 0, 0, 0, 1
levle1_125_jpg.rf.88df46be30cbfa3262df1f59e9f182f1.jpg, 0, 1, 0, 1, 0, 0
levle0_67_jpg.rf.413df6d34f096316d3dca7a4ad5e8e33.jpg, 0, 1, 0, 0, 0, 0
levle2_169_jpg.rf.62191bffc00db03537ff254ffcf52b02.jpg, 0, 0, 0, 1, 1, 0
01F3MMVVZWV6JR5KQY71T8M7H9_jpeg.rf.0616f93eb7eff7d5fce5fa2b7592fa19.jpg, 0, 0, 0, 1, 1, 0
levle1_18_jpg.rf.3653375c4c3275835c754f0a14d357c8.jpg, 0, 0, 0, 1, 0, 0
levle1_582_jpg.rf.e4183272e0e26932e470d68e631d54ce.jpg, 0, 0, 0, 1, 1, 0
a3_jpg.rf.4ae826e1c3a85d634404476dc13d3ca7.jpg, 0, 0, 0, 0, 0, 1
levle2_41_jpg.rf.a27f609519972d1bc2a89762384d5ae8.jpg, 0, 1, 0, 0, 0, 0
levle1_404_jpg.rf.e65e871812daf50d13da37ae5ef4c0b5.jpg, 0, 0, 1, 0, 0, 0
levle0_399_jpg.rf.968778a7ff5f8dc66de3fc0ea245b3fb.jpg, 1, 1, 0, 1, 1, 0
levle0_362_jpg.rf.a56ac19aa4ac8661e0ca6678e01009ea.jpg, 0, 1, 0, 0, 0, 1
levle1_554_jpg.rf.035ee4425c46d32c8c78998496319a61.jpg, 0, 0, 0, 1, 0, 0
levle1_469_jpg.rf.41010399b95ea38de2bee148cef0a4cc.jpg, 0, 1, 0, 0, 0, 0
levle0_209_jpg.rf.26a8fff7ef69d6214470b2659936bf77.jpg, 1, 1, 0, 0, 0, 1
01F3MMVSTFKTNY4EVWF3NRVA5M_jpeg.rf.4ca96c9dbfe6cf3069f08e111fc282ce.jpg, 0, 1, 0, 0, 0, 0
levle0_299_jpg.rf.0fa2f43ff356de13736dfc7a0595dbae.jpg, 0, 1, 0, 0, 0, 1
levle1_532_jpg.rf.6f1f2c138de2f9a4bd8b816b9c57b3be.jpg, 0, 0, 0, 1, 1, 0
01F3MMVXXRHA3S1EBPKVXEFEZZ_jpeg.rf.09088fe797b195339886e1ecd757ff3e.jpg, 0, 0, 0, 1, 1, 1
levle1_52_jpg.rf.bcd356ce1e255c1a50824bb5c7e54834.jpg, 0, 1, 0, 1, 1, 1
levle0_75_jpg.rf.d0cd46d34b30a294f245047f48b6d15e.jpg, 0, 1, 0, 1, 0, 0
levle1_184_jpg.rf.36e8f3fc6f734e71116b140c246169ac.jpg, 0, 1, 0, 1, 0, 0
01F3MMWASQXMT2JDT81P87MS6M_jpeg.rf.be83267aa788fb4a924f9d4614cf9cfe.jpg, 1, 0, 1, 0, 0, 1
levle3_71_jpg.rf.19c298f2b2e4d05faa2b048ed3ff20d4.jpg, 0, 0, 1, 0, 1, 0
levle1_544_jpg.rf.410ba9a7e110a5024a4ce66edca2fa8e.jpg, 1, 0, 0, 1, 1, 1
levle1_548_jpg.rf.c07daf9c8b5933b4829b1fef8fdee946.jpg, 0, 0, 0, 1, 0, 0
levle1_626_jpg.rf.bb87d29ea4c58e22d29e333c0b77df25.jpg, 0, 0, 0, 1, 0, 0
levle1_561_jpg.rf.0fd2bcaebc3491bc35b4e37f22ab3e1b.jpg, 0, 0, 0, 1, 0, 0
levle0_487_jpg.rf.f20a5c02352324cf32758ad987dc8337.jpg, 0, 1, 0, 0, 0, 1
a10_jpg.rf.948b0defd1a4c877c24bae94eed1ddc1.jpg, 0, 0, 0, 1, 0, 0
levle1_79_jpg.rf.d831ade8420dba20e889abadd007a201.jpg, 0, 0, 1, 0, 0, 0
levle2_115_jpg.rf.b3dc1ca7d729f5a4e38a762501eb0102.jpg, 0, 1, 0, 1, 0, 0
levle1_479_jpg.rf.53475ddd2e7a6d55682da941f4c135e9.jpg, 0, 0, 0, 1, 1, 0
01F3MMWBFBDHKT6S57BCFQXYBJ_jpeg.rf.b85af2b6a838d1ddfe01ffc31fcb2a68.jpg, 0, 0, 1, 0, 1, 1
01F3MMW76VJNVVBK80WE695CN3_jpeg.rf.03b7e28f65e7f6607b9e572207d0b624.jpg, 1, 0, 0, 0, 1, 1
01F3MMWVX2Z9ZE1Z0Y3R4JA8B5_jpeg.rf.b706f67291705e8c38658f4ee953e590.jpg, 1, 0, 0, 0, 1, 1
levle1_606_jpg.rf.5d327cd8485c5948e3fac84468bc13eb.jpg, 0, 0, 0, 1, 1, 0
levle1_144_jpg.rf.04039f0b125dee2bee464e12cc29636d.jpg, 1, 1, 0, 1, 0, 0
01F3MMW76VJNVVBK80WE695CN3_jpeg.rf.dd46b9dbe8e0cae52ec7bae69b561236.jpg, 1, 0, 0, 0, 1, 1
levle1_461_jpg.rf.707953290caf45894ae91daec2f8acbb.jpg, 1, 1, 0, 0, 0, 0
levle1_595_jpg.rf.b8b138aac74f06da5f83c21115e5b307.jpg, 0, 0, 0, 1, 0, 0
01F3MMXVNN0X7642THC07Y3NTP_jpeg.rf.dfdfeecb0a28ebd5c89a5b1537112d27.jpg, 0, 1, 0, 1, 1, 0
levle1_536_jpg.rf.f0298f9909a3eb0867d1833acd0e8dc0.jpg, 0, 1, 0, 0, 0, 0
levle1_474_jpg.rf.3ab940911223b5a4c921cbf9101d1fd1.jpg, 0, 0, 0, 1, 0, 1
levle2_59_jpg.rf.7ca492ab91a92369c18cd59374540848.jpg, 1, 0, 1, 1, 1, 0
levle0_487_jpg.rf.3a99afcefe7c81f023047620b12ab305.jpg, 0, 1, 0, 0, 0, 1
levle1_58_jpg.rf.8d476ebbf64039e3dd0672acb62db27e.jpg, 0, 0, 0, 1, 0, 0
levle1_33_jpg.rf.63a00e5886512c52e4da1d8d2bb91a21.jpg, 0, 0, 0, 0, 1, 1
levle1_60_jpg.rf.eee4972a45a9ccac4ca0fdd423b1bd38.jpg, 1, 0, 0, 0, 0, 0
levle0_92_jpg.rf.0613d8cc7256fcd3e4aae8e693699356.jpg, 0, 1, 0, 0, 1, 0
levle2_108_jpg.rf.1d237797ef4e50c0c3c0f8f528dc8ce6.jpg, 1, 0, 0, 1, 1, 0
levle2_74_jpg.rf.c1df92c30de6d0a200493a16657dccc4.jpg, 1, 1, 0, 0, 0, 0
levle1_525_jpg.rf.c465918fe8e3f0250c4142321367a526.jpg, 0, 1, 0, 1, 0, 1
01F3MMWWNTQHV3ZXDRAM5CDBA8_jpeg.rf.6cf10e0c9d4261c93f8f28fcd8befc59.jpg, 1, 1, 0, 1, 0, 1
levle0_19_jpg.rf.e26929a57399537ccb265019f37bba89.jpg, 0, 1, 0, 0, 0, 1
levle1_512_jpg.rf.0f723403483d12c59d4346b0150208fa.jpg, 0, 0, 0, 0, 1, 0
01F3MMXNNM9CTRH5KH09BRA2EH_jpeg.rf.43352a6cc7187774b894c6ae19408dee.jpg, 1, 0, 1, 0, 0, 0
levle1_224_jpg.rf.c75d41c1ac3ae3e2c61eb1368a9e2339.jpg, 1, 1, 0, 0, 0, 0
levle0_368_jpg.rf.4a40777bc2ecd5df68b930ddb2fe4785.jpg, 0, 1, 0, 0, 0, 1
01F3MMWK2WKFGMNCB4VC9D4CHD_jpeg.rf.78e6794cd94ff2ab6e3313a0dcca7ddc.jpg, 1, 0, 0, 1, 0, 0
levle0_476_jpg.rf.8b75dbc598c6bea000d14312399b777e.jpg, 0, 1, 0, 0, 1, 0
levle0_189_jpg.rf.024b3e9bdcec7ccd02288539ae74d322.jpg, 0, 1, 0, 0, 0, 1
levle1_570_jpg.rf.3ceee211f7f9a2f1e8cfeab5e3f966d2.jpg, 0, 1, 0, 1, 0, 0
01F3MMVRGMNJVWB5CBCY48RNFN_jpeg.rf.f8550aa1211d2d14d0f07dfac369c54f.jpg, 1, 0, 0, 0, 0, 0
levle0_107_jpg.rf.e4a290882c0877dff1d5d7074b036222.jpg, 0, 1, 0, 1, 0, 1
Ance-Scars_jpg.rf.aa9d73bff4822b1d997962941059dd50.jpg, 0, 1, 0, 1, 0, 0
levle0_371_jpg.rf.311ab61724c8743ff2721a7e29664e3c.jpg, 1, 1, 0, 1, 0, 0
01F3MMYV5NBAMXWHPA6EKMF3SP_jpeg.rf.e8d0ee92a6a89c2efd2e3335c38dbd62.jpg, 0, 1, 0, 1, 1, 0
levle1_561_jpg.rf.f68bcebcb23f7fd025186cdd67129eb2.jpg, 0, 0, 0, 1, 0, 0
01F3MMXQ085C2RDJEHNDX2FMKE_jpeg.rf.e9644cb4ae44aac8dec165e8977f0668.jpg, 1, 1, 0, 0, 0, 0
31_jpg.rf.8c22c6ae8e30ee9b2d9755b5ffb39f0d.jpg, 0, 0, 0, 0, 1, 0
01F3MMVRGMNJVWB5CBCY48RNFN_jpeg.rf.466b374fc0e775a9c8bc037f120166f8.jpg, 1, 0, 0, 0, 0, 0
levle1_94_jpg.rf.3e1e95a6c1b96b7bbef1aa56353e1294.jpg, 0, 1, 0, 1, 0, 1
levle0_85_jpg.rf.12f46ce5917f3a1213c869686f08100f.jpg, 0, 0, 0, 0, 0, 1
levle0_527_jpg.rf.6d6808a387792377163f0b9c3297a4ac.jpg, 0, 0, 0, 1, 0, 1
levle1_522_jpg.rf.9b2a2d5cb6ab347fd48ab4a77207844d.jpg, 1, 0, 0, 0, 0, 0
levle1_166_jpg.rf.ac6c19011fdae3420fb11213c6bd1c20.jpg, 0, 0, 0, 1, 0, 0
levle1_342_jpg.rf.45241aca76fc7c7e1e1c1dd3b04bd588.jpg, 0, 1, 0, 0, 0, 1
levle0_412_jpg.rf.080f64e1216da1c31d3d3dca05977f98.jpg, 0, 0, 0, 0, 0, 1
pa0cgx3yyu9iQ2Ks1zr-o_jpg.rf.a5234d7370eded35790e2b335cc269c9.jpg, 0, 0, 0, 0, 1, 0
01F3MMXPCMJG0YNSRQB08N2W6Y_jpeg.rf.1cef3931d652ba9fb2e57321e912a2c6.jpg, 0, 0, 1, 1, 1, 0
levle0_213_jpg.rf.9e67bb7e701bc9cef44a0a6595874990.jpg, 1, 0, 0, 0, 0, 1
levle1_66_jpg.rf.46fbe5943b543c084f2a2b11ccec08a7.jpg, 0, 0, 0, 0, 1, 0
levle0_49_jpg.rf.24f5558af640c6ffdd8ff3ec5e5c4600.jpg, 0, 1, 0, 0, 0, 1
levle1_407_jpg.rf.158d4052e60fbff462eb7fb8903afdb8.jpg, 0, 1, 0, 0, 0, 0
levle1_421_jpg.rf.74bdc0ccdd9a114da19a0d3e6938d9e1.jpg, 0, 0, 0, 0, 1, 0
levle1_354_jpg.rf.4e531683f3b3a879034927cf4ac064ea.jpg, 0, 1, 1, 0, 0, 0
levle1_539_jpg.rf.525bb2da4f76ac764741aa608a2736d8.jpg, 0, 0, 0, 1, 0, 1
levle0_83_jpg.rf.5c692231f535cd022f3e2b8e8e2d7e3d.jpg, 0, 1, 0, 1, 0, 0
levle0_204_jpg.rf.6490bb3d22e09facd231dd25288b51e3.jpg, 0, 1, 0, 0, 0, 1
levle1_87_jpg.rf.7108d97d5ec19b40e7bba9e6662dc383.jpg, 0, 0, 0, 1, 0, 0
levle1_351_jpg.rf.79f0e28f39c89e1f3d62f1986718f79e.jpg, 0, 1, 1, 0, 0, 1
levle0_128_jpg.rf.444a9265d6a4cd7d9fcbb14a97836d1f.jpg, 1, 1, 0, 1, 0, 0
levle1_225_jpg.rf.b5aa704c6aeca786c3ac4eb6de9d7421.jpg, 0, 1, 1, 0, 0, 0
levle1_545_jpg.rf.5b531c2bb85b60f7be208b8c2583b91d.jpg, 0, 0, 0, 1, 0, 1
levle2_174_jpg.rf.7b416b14d339b1b6b2f4dc02afff4a44.jpg, 1, 1, 0, 1, 0, 0
levle0_257_jpg.rf.a5b9566ba68a29b6c2d56b4c03dc4d36.jpg, 0, 0, 0, 0, 0, 1
32_jpg.rf.f61c8db22f23e936037ed71860042dc2.jpg, 0, 0, 0, 1, 1, 0
01F3MMXXQ216VQQCFX52XE8YJM_jpeg.rf.1961c35f06fe70a831bc17a8b1d5efcf.jpg, 0, 0, 0, 1, 0, 0
01F3MMZJCM0CXZWMYRJ2VGV70T_jpeg.rf.0d72df5b476f75755b044e9963d30426.jpg, 1, 0, 0, 0, 0, 0
levle0_429_jpg.rf.58847fdf0dc5ad69cfd7cbb5364e0dc6.jpg, 0, 1, 0, 0, 0, 1
levle1_476_jpg.rf.cde031e4fbdfeff03ec922669bde399e.jpg, 0, 1, 0, 0, 1, 0
levle1_2_jpg.rf.55b4a3aaaa9a982f58b84b1153540bbe.jpg, 0, 0, 0, 1, 1, 0
01F3MMYTGRCX234SFQH105TM1Y_jpeg.rf.6222f63ecd2be0adc6af8a1e565e3e60.jpg, 0, 0, 0, 0, 0, 1
levle1_33_jpg.rf.a206a3ab26d0d6cd4e729780994a7308.jpg, 0, 0, 0, 0, 1, 1
01F3MMWFKMEV4ZTBMDTVCRNY93_jpeg.rf.5a2c79d1e01b2f7de0b8efc3ccf4485a.jpg, 0, 0, 1, 1, 0, 0
a7_jpg.rf.0f3d194a94036b3178fed04d0ef1aede.jpg, 0, 0, 0, 0, 0, 1
levle2_109_jpg.rf.79ba1488b6d1b49b6518853177515901.jpg, 0, 0, 1, 1, 1, 0
levle0_193_jpg.rf.4bb4ced7926460d583242ce69d909005.jpg, 1, 1, 0, 0, 0, 1
levle1_353_jpg.rf.b76984312ee41ba9b6142ee476fa0c2e.jpg, 0, 1, 1, 0, 0, 0
levle0_270_jpg.rf.fcbda3dc3949ced80903596f42d7e3cf.jpg, 0, 1, 0, 0, 0, 1
01F3MMWYSD0H8X9217EFP9VCYN_jpeg.rf.a1a4a95ba50eec2cddbb16b0f48549f1.jpg, 0, 0, 1, 1, 0, 0
levle0_20_jpg.rf.d6c88ce46c8b1312d711592b6016148a.jpg, 0, 1, 0, 0, 0, 0
levle1_411_jpg.rf.af8bedb3c847f9a1e5fcada30a2f44e6.jpg, 1, 0, 0, 1, 0, 1
levle1_531_jpg.rf.fa53e7d1d405d88795b78424aae755d2.jpg, 1, 0, 0, 1, 1, 1
levle1_144_jpg.rf.569714569399a144638969f5df810479.jpg, 1, 1, 0, 1, 0, 0
levle1_416_jpg.rf.3314967db6ca132395ffd3a5b696a696.jpg, 0, 1, 0, 1, 0, 1
a5_jpg.rf.6b03740af916071569b89ac72c118379.jpg, 0, 0, 0, 0, 0, 1
levle2_179_jpg.rf.0bbb8a862e613c6f87953bba62025976.jpg, 0, 0, 1, 1, 0, 0
levle1_491_jpg.rf.99cfc0d0e51f3bb180c030bd99a1012b.jpg, 0, 1, 0, 0, 0, 0
ac1_jpg.rf.be93a5adced84b64b839d41d0e14159b.jpg, 0, 1, 0, 1, 1, 0
levle1_477_jpg.rf.1d82642846a3d4fb61d97a96431cfa2a.jpg, 0, 1, 0, 0, 1, 0
levle2_129_jpg.rf.3bb95abdcbcf0082d4d4df656f622c08.jpg, 0, 1, 0, 0, 0, 0
01F3MMVMD3Q7GAY0YKSMEZ76K5_jpeg.rf.f79ce03996df5dfe5bc399b431c68bc0.jpg, 0, 0, 0, 1, 1, 0
levle1_347_jpg.rf.5c588ac1a08353109edc13eaadd8f056.jpg, 0, 1, 0, 0, 0, 0
levle0_334_jpg.rf.2f72474eca384069ebea617c81716209.jpg, 0, 0, 0, 0, 0, 1
levle0_371_jpg.rf.84d8a2271a2a581c0e7194b3e57d4134.jpg, 1, 1, 0, 1, 0, 0
01F3MMWYSD0H8X9217EFP9VCYN_jpeg.rf.94ca158d84435975c532b772f0ec78d9.jpg, 0, 0, 1, 1, 0, 0
levle1_195_jpg.rf.488136cf0d948e6b3830785bd093b578.jpg, 0, 1, 0, 0, 0, 0
levle1_457_jpg.rf.54391bde69fda61ab145b8ad4680995b.jpg, 0, 0, 0, 1, 1, 1
levle0_118_jpg.rf.73cbfedaefce871e50479b934b185ee8.jpg, 1, 1, 0, 1, 0, 1
levle0_225_jpg.rf.cde9b2cb3a5075e616fab5d27685f20b.jpg, 0, 1, 0, 1, 0, 1
levle0_319_jpg.rf.351e65b069e99d8f8180aecae83e29ed.jpg, 0, 1, 0, 1, 0, 0
levle3_24_jpg.rf.912895153b66b58c9e83b57f44c44701.jpg, 1, 0, 1, 1, 1, 0
levle1_420_jpg.rf.37ad10a1e3399a42e883c16b4480296a.jpg, 0, 0, 0, 1, 1, 0
01F3MMWY3JPNV96YC73PH5G692_jpeg.rf.9a0d9385866935676ff69f7710af6b7a.jpg, 1, 0, 0, 1, 1, 0
levle1_59_jpg.rf.77a4df5f9b304923d40b5cf012e7633d.jpg, 0, 1, 0, 1, 0, 0
levle2_131_jpg.rf.3179dcb5b7b70e1d55f89ffe2c81d537.jpg, 0, 1, 0, 1, 1, 0
levle3_94_jpg.rf.1554e4661bbc27e02607dcf6da13d0d6.jpg, 0, 0, 0, 1, 1, 0
levle1_410_jpg.rf.e6bb95517728741f9745d57206070731.jpg, 0, 1, 0, 1, 0, 1
levle1_210_jpg.rf.b9c8d48dd8d76b1e76c9f5ad95c79e02.jpg, 0, 1, 0, 1, 0, 0
01F3MMZ6PBPZ02R00D2GS0XSDQ_jpeg.rf.989f1bbde774a48ec7172bc48ab147f3.jpg, 0, 0, 0, 0, 1, 1
levle2_127_jpg.rf.b471c1f822e126b04cf203abf2c5ae97.jpg, 1, 0, 0, 1, 1, 0
levle2_121_jpg.rf.cd1a7cf564fb1ea321643675c3d9718d.jpg, 0, 0, 0, 1, 1, 0
01F3MMVVZWV6JR5KQY71T8M7H9_jpeg.rf.16e7e7b19979e4f014d673a343f68099.jpg, 0, 0, 0, 1, 1, 0
levle1_109_jpg.rf.74d1163863eea50dcb50eca64654c2d6.jpg, 0, 0, 1, 1, 0, 0
levle0_476_jpg.rf.028015fa764bc25a5f5dd65ec5823858.jpg, 0, 1, 0, 0, 1, 0
01F3MMZ6PBPZ02R00D2GS0XSDQ_jpeg.rf.2621f1297c7ca4270eea8a8154c7e74b.jpg, 0, 0, 0, 0, 1, 1
levle1_528_jpg.rf.a1ea06420690e277b80a6bdf642fd974.jpg, 0, 1, 0, 0, 0, 0
levle1_143_jpg.rf.508e0473354b85b0e9afae45888c86cd.jpg, 0, 1, 0, 0, 1, 0
levle2_78_jpg.rf.6527d6c17610b05df36a68464008fe71.jpg, 0, 1, 1, 0, 0, 0
levle1_104_jpg.rf.95e96672ed96e7cd20a7d50967106c33.jpg, 0, 1, 1, 0, 0, 0
37_jpg.rf.90402b6c9bac03f22d3f1a92583ffbd5.jpg, 1, 0, 0, 1, 1, 1
levle1_157_jpg.rf.5f83907f5a525cf5a273a518b32703a3.jpg, 1, 1, 0, 1, 1, 0
levle0_102_jpg.rf.0a1592c0131ff01fe0e01258e1834aa1.jpg, 0, 1, 0, 1, 0, 0
24_jpg.rf.e43841676775bd9cadf4dc249d923404.jpg, 0, 1, 0, 1, 0, 0
levle0_477_jpg.rf.86994b75f0313fa3319307b4693183c4.jpg, 0, 1, 0, 0, 1, 1
01F3MMXM63VN6G9WMZPBRX3K7H_jpeg.rf.faaa48b6931b8828763cb53a77c98efc.jpg, 0, 1, 1, 0, 1, 0
levle0_50_jpg.rf.f9fdffef51292a7e68f03f5a007e08e2.jpg, 0, 1, 0, 1, 0, 0
levle1_515_jpg.rf.c5a6bcb24c79e071d2f707127b34d583.jpg, 0, 0, 0, 1, 0, 0
levle0_484_jpg.rf.b88c93f83f8344fea138e6894601b294.jpg, 0, 1, 0, 1, 0, 0
10_jpg.rf.07660da7415528682fc97bafce85457e.jpg, 0, 1, 0, 1, 1, 1
01F3MMVC4SSD2BWWP115BMSB3Q_jpeg.rf.9cfd8304d12e167d62ca298df2e43bc9.jpg, 1, 0, 0, 0, 0, 0
01F3MMXB1J4R2EMZD92VX3HAQJ_jpeg.rf.af31b13fac5e85ece8053af3566bc189.jpg, 0, 1, 0, 0, 0, 0
01F3MMX0Y73AE4AJRD3856H8QV_jpeg.rf.7e2d984ef9de803d1faac4cc334de6b0.jpg, 1, 0, 1, 0, 0, 0
levle1_559_jpg.rf.216b8214d2ca135714722222f071e13a.jpg, 0, 0, 0, 1, 0, 0
levle0_52_jpg.rf.39e1d748eefdff2497880552e1e8f802.jpg, 0, 1, 1, 0, 0, 1
levle1_598_jpg.rf.ce4203f60b1e2ab9c7e443223909ae90.jpg, 1, 0, 0, 1, 1, 0
levle3_54_jpg.rf.be9ae90696fdc5578b35a97e3d625d0a.jpg, 0, 1, 0, 1, 1, 0
levle0_453_jpg.rf.c1efad14da9adaf3477d13bd627b8b61.jpg, 0, 1, 0, 0, 0, 0
levle1_178_jpg.rf.f9b76dd7f40e1ceb9195647040d7d7b8.jpg, 0, 1, 0, 0, 0, 1
levle0_87_jpg.rf.066ed0f715d1f0d17adcdf49da5d85fd.jpg, 1, 1, 0, 0, 0, 0
levle2_121_jpg.rf.a52e8c9eea1abcd744ba9d30e8a9d15b.jpg, 0, 0, 0, 1, 1, 0
levle1_30_jpg.rf.6d9278bddd31b1cce929dab3f97b0074.jpg, 0, 1, 0, 1, 0, 0
levle1_429_jpg.rf.64042165563249de922177fad1b4b649.jpg, 0, 0, 0, 1, 0, 0
01F3MMWNXPEZ1XR663SPGRBJBB_jpeg.rf.ee1fae74814685278685017ccccb9b97.jpg, 1, 0, 0, 1, 1, 0
levle1_540_jpg.rf.efc0bafe824970ae918dc44924efb751.jpg, 0, 0, 0, 1, 1, 0
levle1_82_jpg.rf.fa94ac1d47c9fbcf0b6d8ee5f282fe25.jpg, 0, 1, 1, 1, 0, 1
levle2_113_jpg.rf.7a837fe70f2aa128a51e86d0df59dfd2.jpg, 0, 1, 1, 1, 0, 0
levle0_114_jpg.rf.db14f3792f71e374b86dd7ff421f6cf5.jpg, 0, 1, 1, 1, 0, 1
levle1_577_jpg.rf.b8ea7cd7c8f8415aaee85cc60ed3ec6c.jpg, 0, 0, 0, 1, 1, 0
levle1_526_jpg.rf.5621d45bb5b195753c0e1dec933039b3.jpg, 0, 0, 0, 0, 1, 0
levle0_57_jpg.rf.75aa2a0936860f71ff0dd23dc3ea792e.jpg, 0, 1, 0, 0, 0, 0
levle0_375_jpg.rf.ca5b835f6e98b3c5c77ef6c051ddaf0f.jpg, 0, 1, 0, 1, 0, 0
levle0_39_jpg.rf.056675bd0761e4a2977eaea9da97052b.jpg, 0, 1, 0, 1, 0, 1
levle1_312_jpg.rf.05e0d6523dd70e60ec3e1e780270d24a.jpg, 1, 0, 0, 1, 0, 1
01F3MMYPVXAKFDN05PJF3S75Q2_jpeg.rf.b9c6335dcd51a7b822b8b52f42717168.jpg, 0, 0, 0, 1, 0, 0
levle1_222_jpg.rf.615e2f8ec8e5b32c98c1035bfa8b48d4.jpg, 0, 0, 0, 0, 1, 0
levle0_183_jpg.rf.3cd1ae876d52c468ad9a39ee048aaf43.jpg, 0, 1, 0, 0, 0, 0
levle0_269_jpg.rf.d1617faa42295bf6d9adcea463135779.jpg, 0, 1, 0, 1, 0, 1
25_jpg.rf.71fa059635897b5a691f34af379432ff.jpg, 1, 0, 0, 1, 0, 0
levle1_555_jpg.rf.6135253529d84c342a768bff06052f4a.jpg, 1, 0, 1, 1, 0, 0
levle1_510_jpg.rf.de63cd0a09ec9b4144183cd1835c3a55.jpg, 0, 0, 0, 1, 1, 0
levle1_23_jpg.rf.4e376313a08c876160da34f85c622339.jpg, 0, 1, 0, 0, 0, 0
levle1_223_jpg.rf.1bd6f7795768283a300e4147cc655edd.jpg, 0, 0, 0, 1, 1, 0
levle1_496_jpg.rf.6ad36f16c9bf1380beb7e08c7e3f9df7.jpg, 1, 0, 0, 0, 0, 1
levle0_302_jpg.rf.629cf8105ff81d46087851b0ce4fecd4.jpg, 0, 1, 0, 0, 0, 0
levle1_140_jpg.rf.21e9149b33d0f7e2579e69069b8ad8ae.jpg, 0, 1, 0, 0, 0, 0
levle1_548_jpg.rf.fa98215bd7a359575c1ca7f5c1339653.jpg, 0, 0, 0, 1, 0, 0
levle1_52_jpg.rf.dad7a0f5f5131d38c6003c257621cd88.jpg, 0, 1, 0, 1, 1, 1
levle0_112_jpg.rf.8a6692087b54c358820404204adf283a.jpg, 0, 1, 0, 0, 0, 0
levle2_71_jpg.rf.80b7557763a567936c9bff6c06d7e65f.jpg, 0, 0, 0, 1, 0, 0
01F3MMW6HFPKJZRQX42WMQXFJW_jpeg.rf.36c6ac7037f7acfaa265899d32e93baf.jpg, 0, 0, 0, 1, 0, 0
levle0_74_jpg.rf.8d29253568a539058b2ad8a38c32e019.jpg, 0, 1, 0, 0, 0, 0
levle2_161_jpg.rf.aecb555747ea19022b14bb418a505143.jpg, 0, 0, 0, 1, 1, 1
01F3MMXMYGHN7BCR4C14TZXCBE_jpeg.rf.9d511519d8c364a5466ac6acc239ff4e.jpg, 0, 0, 0, 0, 1, 0
levle0_68_jpg.rf.d1697e93890ce5f0552d4a0d839f8f54.jpg, 1, 1, 0, 1, 0, 0
levle3_105_jpg.rf.972b3a2c5f6efd3a02500579180617d5.jpg, 0, 0, 0, 1, 1, 0
levle3_92_jpg.rf.0983bf049df604c9a831cbb0b48bd1fa.jpg, 1, 1, 0, 1, 0, 0
01F3MMX0Y73AE4AJRD3856H8QV_jpeg.rf.6d99228047270ec6bd7bdbf209aebb4f.jpg, 1, 0, 1, 0, 0, 0
levle1_478_jpg.rf.c8f27b7bb6255f448466e3b3fe5f32b2.jpg, 0, 1, 0, 1, 1, 0
levle1_250_jpg.rf.b818a4c23c22e49dd8d4d0fbbfd1359e.jpg, 0, 1, 0, 0, 0, 1
levle1_394_jpg.rf.6ba2246b8ccd32bd64b68879ae8e4b52.jpg, 0, 1, 0, 0, 0, 0
01F3MMX07Y51CVWR7YR2B4VS7X_jpeg.rf.08573765dec3ae73f89f58845cef9cc9.jpg, 0, 0, 0, 0, 0, 1
levle1_146_jpg.rf.afdd9099ae43393af4840e2026a45fa7.jpg, 1, 1, 1, 1, 0, 0
01F3MMVC4SSD2BWWP115BMSB3Q_jpeg.rf.5b15bc9ffb18a63f7eea967c595d75cd.jpg, 1, 0, 0, 0, 0, 0
levle0_276_jpg.rf.c1ca258fa80c86d1eb1f041c62900d7c.jpg, 0, 1, 0, 0, 0, 1
pa0cgx3yyu9iQ2Ks1zr-o_jpg.rf.b6dfb47d443a254d905aa233d6d30d47.jpg, 0, 0, 0, 0, 1, 0
levle3_117_jpg.rf.55a6318ee7054b5fd336834353ebf5da.jpg, 0, 0, 0, 1, 0, 0
levle1_435_jpg.rf.15b6264a340f5d50096f622aa4da02bf.jpg, 0, 1, 0, 0, 0, 0
levle1_463_jpg.rf.555210ee5377e07e0dc3662e7c856131.jpg, 0, 0, 0, 1, 1, 0
levle0_283_jpg.rf.60e436dc7ba597b6ea544ba0210364bf.jpg, 0, 0, 0, 1, 0, 1
01F3MMXYDGEXQKQJRTNM7HN4H2_jpeg.rf.b3f6bc650ee12d43a0dba0cf26ff936c.jpg, 0, 0, 1, 0, 1, 0
levle1_7_jpg.rf.e00e9469335f2b72430c6ccdf1a40edd.jpg, 0, 1, 0, 1, 0, 0
levle1_129_jpg.rf.f291a9d5121ff45b69f4b56cdb9adc7d.jpg, 0, 0, 0, 1, 1, 0
levle1_122_jpg.rf.e7dc4913212ce14b410dcf522e2f147a.jpg, 0, 1, 0, 1, 0, 0
levle1_481_jpg.rf.934857357f50e704bacbf7b6c37439e3.jpg, 0, 0, 0, 1, 0, 0
01F3MMWA0ZXZAHHVH6VFY7VSEH_jpeg.rf.fa98442c41ed55039e72b1905cd09f28.jpg, 1, 1, 1, 0, 0, 0
01F3MMYVZ5AMFQMQVMQYTSAEGA_jpeg.rf.47e93f3ccd97133c96ac859cca676327.jpg, 0, 1, 0, 0, 0, 0
levle0_378_jpg.rf.b821602daee8bf7771c31fdb4ee1ad5d.jpg, 0, 1, 0, 1, 0, 0
levle3_126_jpg.rf.f8a83210ecae1ee13f571a90a20e0b40.jpg, 1, 0, 1, 1, 1, 0
levle1_177_jpg.rf.945524f268b3f792c84d570420590234.jpg, 0, 0, 0, 0, 0, 1
levle0_514_jpg.rf.13747bb04faecf6d0797ab3011b51464.jpg, 0, 1, 0, 0, 0, 0
levle1_523_jpg.rf.dad220658eae21062bde3ccfde532e4d.jpg, 1, 0, 0, 0, 1, 0
01F3MMW4EVZS8XK1FV5PMP2NXP_jpeg.rf.4880f7aa3989abbcc5d825fe4a26be3f.jpg, 0, 0, 0, 0, 1, 1
01F3MMYQGXWY7881BXZYJF701P_jpeg.rf.b218b14446a99ce82321629014672cf3.jpg, 0, 0, 0, 1, 0, 0
levle1_557_jpg.rf.6b70b4579d945cf02c6bb958942d70ef.jpg, 1, 1, 0, 0, 0, 1
levle1_330_jpg.rf.e4bb3b16a98609b46286eaeba57f35e4.jpg, 0, 1, 0, 1, 0, 0
levle1_87_jpg.rf.b090f56eb4047d2ca2d1d01e6fbc83ae.jpg, 0, 0, 0, 1, 0, 0
levle1_497_jpg.rf.44d4337e6f41224b7a43d751af634a8b.jpg, 0, 0, 0, 1, 0, 0
levle1_524_jpg.rf.7fe01a73d437886501564b15ede39a40.jpg, 1, 0, 0, 1, 0, 0
a5_jpg.rf.cfa89bc8f7f1abe167d5e9b84a335f80.jpg, 0, 0, 0, 0, 0, 1
levle1_394_jpg.rf.7afb63bab79777bdc8fa2aca75e3f82d.jpg, 0, 1, 0, 0, 0, 0
levle0_355_jpg.rf.5ec05e583e08887b58143be80648ba24.jpg, 1, 0, 0, 1, 0, 1
levle1_579_jpg.rf.fcb6a9af03162c42bbc2cae7f1927885.jpg, 0, 0, 0, 1, 1, 0
levle1_255_jpg.rf.73e6cd78666bf0d89ca8a2b45851f320.jpg, 0, 0, 0, 1, 1, 0
levle2_185_jpg.rf.bbd7dd5691eba99449176a7d231e6edf.jpg, 0, 1, 1, 1, 1, 0
levle0_486_jpg.rf.3b97dfe3c5f9fbed8e3f264c7ae882ef.jpg, 0, 0, 0, 0, 1, 1
levle1_578_jpg.rf.863b5829bc7a13909846082a7ef51981.jpg, 0, 0, 0, 0, 1, 1
levle0_206_jpg.rf.ed2e784cf9afdf4ad05aefaf70a3f24b.jpg, 0, 1, 0, 0, 0, 1
levle2_37_jpg.rf.181f4b835549c319f889cad03952f246.jpg, 1, 1, 0, 0, 0, 0
levle1_192_jpg.rf.a6847991978d562006c98e86000cceb4.jpg, 0, 1, 1, 0, 0, 0
levle1_423_jpg.rf.ec9bdab88c7a10d16998b244b82f89c4.jpg, 0, 1, 0, 1, 0, 0
levle1_462_jpg.rf.dd34214b93ba3ce43159bac12739d09f.jpg, 0, 1, 0, 0, 0, 0
01F3MMXEDG1P94EJZ287EMNB9T_jpeg.rf.8be633ff15301384d2f13cbbeace7ac6.jpg, 1, 0, 0, 0, 0, 0
levle2_51_jpg.rf.59da4bf0e357cf86860d2c9d30cd59bf.jpg, 0, 1, 1, 1, 0, 0
levle1_23_jpg.rf.3aba6e701f83d1bd27080b6192cb9029.jpg, 0, 1, 0, 0, 0, 0
levle1_524_jpg.rf.08e33839d42b5f6c23a87aa1f900f501.jpg, 1, 0, 0, 1, 0, 0
01F3MMXWZ3RDZK2NY0RMXSY8BX_jpeg.rf.91d795d20e92fbd9d219bb377f8578e6.jpg, 0, 0, 0, 0, 1, 1
01F3MMXF7AMVDPVDESXA1YJNX5_jpeg.rf.2f68f8fc2e43a07550b631a462f6d90d.jpg, 1, 0, 0, 0, 0, 0
levle1_535_jpg.rf.9b775411066cbef505a184a5ab7dd2f3.jpg, 1, 0, 0, 1, 0, 0
levle1_521_jpg.rf.5af3f1410caa84eb2f4079aaa6e75d1c.jpg, 1, 0, 0, 0, 1, 0
levle1_135_jpg.rf.936381b5e5644ac0b83850186ec874f3.jpg, 0, 1, 0, 0, 1, 0
levle1_145_jpg.rf.70f3109f5d4103f7dac6427f82ef2b5e.jpg, 0, 1, 0, 1, 1, 0
01F3MMWG8FVBE4Y7CBX1WD0A5S_jpeg.rf.95b2e53fd96102e8ea34418e543e1747.jpg, 1, 0, 0, 1, 1, 1
levle2_22_jpg.rf.b948505c28a86e932be638845d87a993.jpg, 1, 0, 1, 0, 1, 0
levle1_102_jpg.rf.1882ad8a2786c3065b5911e5434f50ea.jpg, 0, 1, 0, 1, 0, 0
levle0_89_jpg.rf.5a5da7b78d3109dd141b3d35a53eddff.jpg, 0, 1, 0, 0, 0, 0
01F3MMXF7AMVDPVDESXA1YJNX5_jpeg.rf.a5c3bc13f185b279512222e427f085d5.jpg, 1, 0, 0, 0, 0, 0
levle1_559_jpg.rf.1729136fcced41fde7d92a4899d29d73.jpg, 0, 0, 0, 1, 0, 0
levle1_169_jpg.rf.7e67d149d389dc11ab3f39b5bff24487.jpg, 0, 1, 0, 1, 0, 0
levle1_599_jpg.rf.c8f997cacc142cabda2dc9732f210b4b.jpg, 1, 0, 0, 1, 1, 0
01F3MMWSAGG0C6JYE1NYSM6GM4_jpeg.rf.e5bff148f03e233b2ef3c22d4f4ced7d.jpg, 1, 0, 0, 0, 0, 1
levle3_107_jpg.rf.0a55c149b81331013aa9d03d26b19fc8.jpg, 0, 0, 1, 1, 1, 0
levle1_625_jpg.rf.d83e6b2c1d49082f36d695e39ef1aab7.jpg, 0, 1, 0, 1, 0, 0
levle0_305_jpg.rf.140c26b3bd821beaa1d839f238484cac.jpg, 0, 1, 0, 0, 0, 0
levle1_603_jpg.rf.00417abd2475770942f2765fb35330a6.jpg, 0, 1, 1, 1, 0, 0
levle1_163_jpg.rf.f5b0b38b2946d95fc4379fdc1ac7a6f5.jpg, 1, 1, 0, 1, 0, 0
levle1_154_jpg.rf.4c0dd6aa1377d736de1878f986ad5e5f.jpg, 0, 1, 0, 1, 0, 0
levle1_84_jpg.rf.4d0285318cdd63825d3d1eef450499ad.jpg, 0, 0, 0, 1, 1, 0
levle1_317_jpg.rf.c292c2a5fed5545bcf6be7518357f2ba.jpg, 1, 1, 0, 1, 1, 0
01F3MMV6NBB013AEV2SH04SRQ9_jpeg.rf.a88bc38371062a738c5591586ce56307.jpg, 0, 0, 1, 1, 1, 0
levle0_314_jpg.rf.3f574ad25789f9d2b5c21e442a1881cc.jpg, 1, 0, 0, 1, 0, 1
levle2_184_jpg.rf.cde7378eb1ef62b5e712d27a2b389c79.jpg, 0, 0, 0, 0, 1, 1
levle1_151_jpg.rf.fde76da1074c5f8e3c23ccb1e5d4334f.jpg, 0, 1, 0, 0, 0, 1
levle1_582_jpg.rf.61bd60101b2c710135eddef32cb17d09.jpg, 0, 0, 0, 1, 1, 0
levle2_148_jpg.rf.aa0f1a6efc0a964fb4885c6822628bd8.jpg, 0, 0, 0, 1, 0, 0
levle0_312_jpg.rf.291910fd76cfc83f8f67071cb6a4be57.jpg, 0, 0, 1, 0, 1, 1
levle1_573_jpg.rf.98801657fbfd7702cc7b1e07301f2b25.jpg, 0, 1, 0, 0, 0, 0
levle1_605_jpg.rf.72040ae4f25936dc7a6dbf43e8a41635.jpg, 0, 0, 0, 1, 0, 0
levle2_84_jpg.rf.30fa61c6b8477b2ca82919129390f178.jpg, 1, 0, 0, 1, 0, 0
levle0_377_jpg.rf.98d14c3583902bae2cd40664b7b8c753.jpg, 0, 1, 0, 1, 0, 0
levle2_41_jpg.rf.3f1c8d9040eddd64f9ff30dc310c14a5.jpg, 0, 1, 0, 0, 0, 0
levle0_323_jpg.rf.c267942fbdcfd0729001c4cd6f838ce4.jpg, 0, 0, 0, 0, 0, 1
01F3MMV8WG2NTHD2GECY8BMC9X_jpeg.rf.6b92e83662ecd02ce4d6e4a7b082d522.jpg, 0, 0, 1, 1, 0, 0
01F3MMWPHM7QWX87HTV8QSWJ7S_jpeg.rf.041ba647f63b724a9cc44ec6573b3397.jpg, 1, 0, 0, 1, 1, 1
levle0_313_jpg.rf.941f55b31fb2c3d3bc17830ed8e6d339.jpg, 0, 0, 1, 1, 0, 0
levle0_514_jpg.rf.93a9254e3645a874275bf1165ba469fd.jpg, 0, 1, 0, 0, 0, 0
levle1_489_jpg.rf.c3da6e23ab4287c76be531a3a8012765.jpg, 0, 1, 0, 1, 0, 0
26_jpg.rf.e8c166f0d9805aa4475ea748d35d50f2.jpg, 0, 0, 1, 0, 0, 0
levle1_421_jpg.rf.79dee8cc3ff2e745a1c1143818280096.jpg, 0, 0, 0, 0, 1, 0
levle1_176_jpg.rf.d7c245613215ea7215d1c67a562f1ebe.jpg, 0, 1, 0, 1, 0, 1
levle1_492_jpg.rf.6fc4c38cb4b37c165dd38cc333373c2e.jpg, 0, 1, 0, 1, 0, 0
levle0_460_jpg.rf.725b66a21346b4b94aae5fddd1e13554.jpg, 1, 1, 0, 0, 0, 0
levle0_376_jpg.rf.c436b9ee8593433417b11b8841281582.jpg, 0, 1, 0, 1, 0, 0
levle0_82_jpg.rf.aac4e8cb38683a9ffc16528d07c047d3.jpg, 0, 1, 0, 0, 0, 0
levle0_35_jpg.rf.8b1e8c1bdfe4801b118c562c17e42a2a.jpg, 0, 0, 0, 0, 1, 1
levle0_300_jpg.rf.8f3573ce3ac64eb9d19d2daa48bd9c2c.jpg, 0, 1, 0, 0, 0, 0
levle1_486_jpg.rf.16df5f6a1668233cc5fafa5895645883.jpg, 0, 0, 0, 1, 0, 0
levle2_119_jpg.rf.48ea4003651bd7541750b01a645366f3.jpg, 0, 0, 0, 1, 1, 0
levle1_67_jpg.rf.58f08768d1a8c96d876acdaa389caf93.jpg, 0, 1, 0, 1, 0, 0
levle3_102_jpg.rf.8ef2f92157925cf9e003dec30ed58b83.jpg, 0, 0, 0, 1, 0, 1
levle1_168_jpg.rf.c8c65980095e084613973837c737c206.jpg, 0, 1, 0, 1, 0, 0
levle1_463_jpg.rf.c76d00500535a93f2aeacaf667591a80.jpg, 0, 0, 0, 1, 1, 0
levle0_274_jpg.rf.d031e088208764025963d89ce3e72210.jpg, 0, 1, 0, 0, 0, 0
levle1_496_jpg.rf.b872a68fa504a2a265623d25c1afd7a4.jpg, 1, 0, 0, 0, 0, 1
levle1_147_jpg.rf.c329541a42f57a66fe45a128ba38effc.jpg, 0, 1, 0, 0, 0, 0
levle1_125_jpg.rf.c60b1f7d60be54372e4e165b9a907e85.jpg, 0, 1, 0, 1, 0, 0
levle0_494_jpg.rf.1c74b78ccf5f63d121b0ab8bbe53706a.jpg, 0, 1, 0, 1, 0, 0
levle1_197_jpg.rf.7bd2aefb219f7388fc443624fdca9ec6.jpg, 0, 1, 0, 0, 0, 0
40_jpg.rf.d9f4f7dcc8139348850db1f2cd3ef596.jpg, 0, 0, 0, 0, 1, 0
levle1_89_jpg.rf.dcb1841c95edd2aaf8e58a766acc3679.jpg, 0, 1, 0, 0, 0, 0
levle0_114_jpg.rf.236dc6f91910547b90b22407eda6fb25.jpg, 0, 1, 1, 1, 0, 1
levle1_632_jpg.rf.e592abbc9c7d4af15168fef94c6b6dda.jpg, 0, 1, 0, 0, 0, 0
levle0_79_jpg.rf.f16b6a6aa0c0ab487b95dc12dca05e9e.jpg, 0, 1, 0, 0, 0, 0
levle1_519_jpg.rf.04a9e7d0c2c72be3f0af8690ffe9a99a.jpg, 0, 1, 0, 1, 1, 0
levle1_180_jpg.rf.fa6fd19c9ecc0895da9619c7dc6d4a35.jpg, 1, 1, 0, 0, 0, 1
levle1_17_jpg.rf.ce098e3d6cff0aceb908b31c41733356.jpg, 0, 1, 0, 1, 0, 0
levle0_503_jpg.rf.871e6af521bc82a2474b830e96af2c13.jpg, 0, 1, 0, 1, 0, 1
levle0_41_jpg.rf.d78cb7ae409d1b6d0b49983e8c5630cd.jpg, 0, 0, 0, 1, 0, 0
levle0_527_jpg.rf.29c25678bb74593523c68a85d57338f1.jpg, 0, 0, 0, 1, 0, 1
levle1_487_jpg.rf.cf618ba6b76d6e4f91f191becf2afb1b.jpg, 0, 0, 0, 1, 0, 0
levle1_447_jpg.rf.07e8ac043d9676648ef05dfcf029c7cc.jpg, 0, 1, 0, 0, 1, 0
levle0_314_jpg.rf.ff14c763488114e2f9c717737f984934.jpg, 1, 0, 0, 1, 0, 1
levle1_500_jpg.rf.8b7728c0b3f9bcbe3ac22542760f881b.jpg, 1, 1, 0, 0, 0, 0
levle0_447_jpg.rf.f18c2e6e4e92be76a96c523df24c234a.jpg, 1, 0, 0, 1, 0, 0
levle1_568_jpg.rf.ee096f3814a357eecbd1053f87a38cfa.jpg, 0, 1, 0, 1, 0, 0
levle2_23_jpg.rf.390ef9eec6aa1036a297cef9ecf32690.jpg, 0, 0, 0, 1, 1, 0
levle0_400_jpg.rf.3c9065d9504681e703c4cc069c8c4d03.jpg, 0, 1, 1, 1, 0, 0
ac1_jpg.rf.04bca01a92b14ff3ac0b9191df2e4df8.jpg, 0, 1, 0, 1, 1, 0
levle3_49_jpg.rf.aa12a08ae1ae5ed25a9fefb97007efa7.jpg, 0, 0, 0, 1, 1, 0
01F3MMXBNRXCZS7NZQCG8KEKS6_jpeg.rf.87ceddf5cc42613f92fcfb121865df8c.jpg, 0, 1, 0, 1, 0, 0
levle1_419_jpg.rf.2fce22c34d39930197e4cb1b2fe0613e.jpg, 0, 1, 0, 1, 1, 0
levle0_74_jpg.rf.4298468966bf3e119f4eccb9a5fab516.jpg, 0, 1, 0, 0, 0, 0
levle2_180_jpg.rf.6458c693e7f7585b0ef1eb796c19d1c4.jpg, 0, 0, 1, 1, 0, 0
levle1_558_jpg.rf.38378709535b6828e4acddb9f43928e5.jpg, 0, 1, 0, 0, 0, 0
levle1_596_jpg.rf.e3048a2ee048b4d7ebc46fb1b6b3799b.jpg, 1, 0, 0, 0, 0, 0
37_jpg.rf.94bff1a34229b340442770ec71edb6cc.jpg, 1, 0, 0, 1, 1, 1
levle0_272_jpg.rf.75b350d370cc46cce89e50ce71235f07.jpg, 0, 0, 1, 1, 0, 1
levle1_48_jpg.rf.60963f80961245514768ccf515fd9a72.jpg, 0, 1, 0, 0, 0, 0
01F3MMX4Q0AT7R9QQHB8C1B0AV_jpeg.rf.c4115d3f210bf8ff526b76c2a4f6653b.jpg, 0, 0, 0, 1, 1, 1
01F3MMWWNTQHV3ZXDRAM5CDBA8_jpeg.rf.69e9c05400ac647f82e1b437090d1816.jpg, 1, 1, 0, 1, 0, 1
levle3_104_jpg.rf.18e55edd4f227f1b02c97b250433d8e4.jpg, 1, 0, 1, 1, 1, 0
levle0_388_jpg.rf.70896c0d22acbf706254ecda8512e450.jpg, 0, 1, 0, 0, 0, 1
levle1_592_jpg.rf.01ca1981864747b483fa817b6021ba4b.jpg, 0, 0, 0, 1, 1, 0
levle3_47_jpg.rf.530868ad3ac5d2cd0048170f8b41aa3a.jpg, 0, 1, 0, 1, 1, 0
unnamed_png.rf.f0f03984e929a7eb4eef712f50a949aa.jpg, 1, 0, 0, 0, 0, 0
levle1_469_jpg.rf.655ddb9120fdf36f076956ad24096725.jpg, 0, 1, 0, 0, 0, 0
levle1_175_jpg.rf.93507f76ed5b3cee8518db508f02e8a2.jpg, 0, 1, 0, 0, 0, 1
levle0_9_jpg.rf.ac45da65934aa081f96886895a5b2500.jpg, 0, 1, 0, 0, 0, 0
levle2_175_jpg.rf.d6df140fc0547d14d868e18d7eeda661.jpg, 0, 1, 0, 1, 0, 0
levle0_193_jpg.rf.e7c7268c42cd1f825ae227775c130f1a.jpg, 1, 1, 0, 0, 0, 1
levle0_290_jpg.rf.17b9991580fa74132f4c7ac626923f6a.jpg, 0, 1, 0, 0, 0, 0
levle1_429_jpg.rf.2e56e456cccfd15ddc445933a1136a96.jpg, 0, 0, 0, 1, 0, 0
levle1_132_jpg.rf.aaaef3021076f08356f10f2a8adc44c0.jpg, 0, 1, 0, 1, 1, 0
levle2_100_jpg.rf.bf44f8216fe8474f53b9fb1318682f02.jpg, 0, 0, 0, 1, 0, 0
01F3MMWG8FVBE4Y7CBX1WD0A5S_jpeg.rf.8d9dc441877511e5ff4305cd4c80486e.jpg, 1, 0, 0, 1, 1, 1
levle2_67_jpg.rf.a82556afa778431fd1d4fab6f61e8f91.jpg, 0, 1, 0, 1, 0, 0
levle2_129_jpg.rf.abd62475517b8a35430b1a5f0d904a9b.jpg, 0, 1, 0, 0, 0, 0
levle2_81_jpg.rf.5eb815e933f65d1cfcd479e11bbe8914.jpg, 0, 0, 0, 1, 1, 0
01F3MMYVZ5AMFQMQVMQYTSAEGA_jpeg.rf.b6668f50b0d1bd6cfb3a32a1201e2711.jpg, 0, 1, 0, 0, 0, 0
levle0_424_jpg.rf.b391f012a79d7e96f2901b466c312547.jpg, 0, 1, 0, 0, 0, 1
levle0_92_jpg.rf.e8779cf08e4571d26ec707fde57dc4ba.jpg, 0, 1, 0, 0, 1, 0
30_jpg.rf.4f99addee0b56814b83a3141aecaa1b0.jpg, 1, 0, 0, 0, 0, 1
levle2_37_jpg.rf.c3f9f592586cc0e9fc04adec66d46b0d.jpg, 1, 1, 0, 0, 0, 0
levle1_578_jpg.rf.3d613bdbb239b50e46741958c6855c16.jpg, 0, 0, 0, 0, 1, 1
levle0_187_jpg.rf.efdab7e4cff5749d55d094f36ead1318.jpg, 0, 1, 0, 1, 0, 0
levle0_194_jpg.rf.fad9aa726dac4ca1351afac34ab5aadf.jpg, 0, 1, 0, 1, 0, 1
levle1_431_jpg.rf.de402a0f76cca0cc44c4bb89f13b1847.jpg, 0, 1, 0, 1, 1, 0
levle1_43_jpg.rf.c7b728f8653a3d3d85ce13e119407624.jpg, 0, 1, 0, 0, 0, 0
levle1_210_jpg.rf.e8ba47332e08567487a105cd02668730.jpg, 0, 1, 0, 1, 0, 0
levle1_124_jpg.rf.8d6d5284e910b56de09dac2f4c602fce.jpg, 0, 1, 0, 0, 0, 0
levle1_472_jpg.rf.b3a9d987117dc957587fe39eb9958a00.jpg, 0, 0, 0, 1, 0, 1
levle0_24_jpg.rf.3f716b30469b59e31c0f2a13904b5d92.jpg, 1, 1, 0, 1, 0, 1
levle2_147_jpg.rf.a25d1ec32a6316bdd073c51c2d70594d.jpg, 0, 1, 0, 1, 1, 0
levle1_295_jpg.rf.8a4c7f3fc352416dfe70ced039fca48b.jpg, 0, 1, 0, 1, 0, 0
levle2_43_jpg.rf.b88785afa69a731f44311d10b66828b9.jpg, 0, 1, 0, 1, 1, 0
levle1_589_jpg.rf.81506bd061ac1edbf905d68d4d7dbee0.jpg, 1, 1, 0, 1, 0, 0
levle0_493_jpg.rf.bbbcc3b98d520179f803af8e88eba1a4.jpg, 0, 1, 0, 0, 1, 1
levle1_118_jpg.rf.edb03231cd093c4e43f94e6a787b36cd.jpg, 0, 0, 1, 0, 0, 1
levle1_20_jpg.rf.f6c06733afec7bdc362fb9c5ef79eeef.jpg, 0, 1, 0, 0, 0, 0
levle2_57_jpg.rf.e3e1a8798d53bb2cafb79dce1744df66.jpg, 1, 1, 0, 0, 0, 0
levle1_518_jpg.rf.fb99fe0c0fafe7127435934a03e73e12.jpg, 0, 0, 0, 0, 1, 1
levle0_470_jpg.rf.ff8615db678472df9c841bf383c0c7be.jpg, 1, 1, 0, 0, 1, 0
01F3MMZ7CN1F9B0SXQ5C2G7N6M_jpeg.rf.67a744cef90b4aa3f71d2de070e5fc09.jpg, 0, 0, 0, 1, 0, 0
levle1_550_jpg.rf.48a17773454a47290eeb7069c81071b8.jpg, 0, 0, 0, 1, 0, 1
levle2_169_jpg.rf.662690c80164d0c170c617d6b65f2622.jpg, 0, 0, 0, 1, 1, 0
levle1_420_jpg.rf.3f6b71ef6410544851225167487f8852.jpg, 0, 0, 0, 1, 1, 0
levle1_114_jpg.rf.62f94b17e6b8c1641afd469581e7b758.jpg, 0, 1, 0, 1, 0, 0
levle0_111_jpg.rf.78152b6f8c9febd1469e6354e628c429.jpg, 0, 1, 0, 0, 0, 0
levle1_493_jpg.rf.22ca4a5dac0f8b0689ba8363c987ddf9.jpg, 1, 0, 0, 1, 1, 0
01F3MMYPVXAKFDN05PJF3S75Q2_jpeg.rf.ffa5a5404b729da412be51a8b5fbc9bb.jpg, 0, 0, 0, 1, 0, 0
levle1_177_jpg.rf.f91028ea8486c1c19963a39fe77083fe.jpg, 0, 0, 0, 0, 0, 1
01F3MMYNE0NXTGFZ8T0PGRQPGY_jpeg.rf.bb21f1243b4d72ce291ebd39690561ca.jpg, 0, 0, 0, 1, 0, 1
levle1_1_jpg.rf.5e31cc551e777088810ff5891526bc37.jpg, 1, 1, 0, 0, 0, 0
levle0_19_jpg.rf.f28537fca57e94fa93b1a8e73b894a9c.jpg, 0, 1, 0, 0, 0, 1
levle3_122_jpg.rf.715301aa070dd05d5ea9402c9982006c.jpg, 0, 1, 0, 0, 1, 0
01F3MMXYDGEXQKQJRTNM7HN4H2_jpeg.rf.11c056069c6cfba7eb09ecacd92b9039.jpg, 0, 0, 1, 0, 1, 0
levle1_545_jpg.rf.0638eb92f85c411ea6c35f273aebe221.jpg, 0, 0, 0, 1, 0, 1
26_jpg.rf.993668a3ea2eb2cdcaf73eaac6963a55.jpg, 0, 0, 1, 0, 0, 0
levle1_51_jpg.rf.1be2d68df312036b295d70bb03e93b59.jpg, 0, 1, 0, 0, 0, 0
levle3_105_jpg.rf.e73eb8697985da684b91191b5ec94d9d.jpg, 0, 0, 0, 1, 1, 0
levle1_532_jpg.rf.da59176cc8677e01aa1014a9ac8dd625.jpg, 0, 0, 0, 1, 1, 0
levle1_439_jpg.rf.932b484ee21f404a12411546964bf1fd.jpg, 0, 0, 0, 1, 1, 0
levle1_489_jpg.rf.4539b0822143bdf6efc9ccdf945a7302.jpg, 0, 1, 0, 1, 0, 0
levle0_40_jpg.rf.7607f8f77964351fa03e50d6bb4a9036.jpg, 0, 1, 0, 1, 0, 1
levle1_632_jpg.rf.85085f4552b77a59cf3193361e35d2d5.jpg, 0, 1, 0, 0, 0, 0
01F3MMY0BSAFGW56D9XERHQA7F_jpeg.rf.64f5a88d978220e4e802a0e0a8d131b1.jpg, 0, 1, 0, 0, 0, 0
levle1_537_jpg.rf.9d726433c7e6d2804903edf442507d30.jpg, 0, 0, 0, 1, 1, 0
levle1_539_jpg.rf.5b97734fe75818394dbc646ac132c1f7.jpg, 0, 0, 0, 1, 0, 1
levle0_323_jpg.rf.fadfd38104567d09a82f672be2acde26.jpg, 0, 0, 0, 0, 0, 1
levle1_76_jpg.rf.77693ef883cf2cb906e60425382089ef.jpg, 0, 1, 0, 1, 0, 0
01F3MMYQGXWY7881BXZYJF701P_jpeg.rf.6542932b0d2b739d75bcb21ef12ac82d.jpg, 0, 0, 0, 1, 0, 0
levle1_189_jpg.rf.2bb0116f23d2fb6f2321c8d4309134f1.jpg, 0, 1, 1, 0, 0, 1
levle0_207_jpg.rf.6d15b63fe5545511d8047259f6e73ead.jpg, 1, 1, 0, 0, 0, 0
levle2_66_jpg.rf.c3b03447f8cd733af83a8ef77d41af85.jpg, 0, 1, 0, 0, 0, 0
levle1_586_jpg.rf.4ea65dcd7dd0a6d2498c881eea822430.jpg, 0, 0, 0, 1, 1, 1
01F3MMZ4J6M8C0N5VAMN449RRZ_jpeg.rf.da6c8fb1d8c968518fcd351da4ef2bb7.jpg, 0, 0, 0, 0, 1, 0
levle1_196_jpg.rf.38a617c399263460f8e484eb9a74a6b2.jpg, 0, 1, 0, 0, 0, 0
levle2_85_jpg.rf.7eb8c1a6ad373fd16f7f77f5e3c09a8a.jpg, 0, 1, 0, 1, 0, 0
levle1_197_jpg.rf.5da53a5a99afc001cf59b2cc2657869e.jpg, 0, 1, 0, 0, 0, 0
levle2_190_jpg.rf.7ff11bfa61494850c3fbb7d415a2780e.jpg, 0, 0, 0, 1, 0, 0
levle1_192_jpg.rf.ca804a56dd17ef64103925b88fb95a7a.jpg, 0, 1, 1, 0, 0, 0
levle1_42_jpg.rf.d54ec4e8e4028cf2f9ce2aeba9e42f47.jpg, 0, 1, 0, 0, 0, 0
levle1_424_jpg.rf.1fab32a35b792d07a08c57bc84c97e1b.jpg, 0, 1, 0, 0, 0, 0
levle0_428_jpg.rf.9eda9e12aa192ca31b7eeeabda8cca6e.jpg, 0, 0, 0, 1, 1, 0
levle0_304_jpg.rf.2ed2d9ae203dd5747d58ea398b567bbc.jpg, 0, 1, 1, 0, 0, 1
images7_jpg.rf.e438c72e011ecdaf4301ef37dc19034a.jpg, 0, 0, 0, 0, 1, 0
levle1_205_jpg.rf.6f12a8e9a2c198a5b494316b4cb10dcb.jpg, 0, 0, 0, 1, 0, 1
levle1_75_jpg.rf.2f4e63b2cf612de84b95a0a53eedb8f0.jpg, 0, 1, 0, 0, 0, 0
levle0_56_jpg.rf.770b3d669cd411c3b19e7046f3a82738.jpg, 0, 1, 0, 0, 0, 0
01F3MMVNR3XB2A86H1Y87XW2SE_jpeg.rf.ca109e737dc50a16de9e2b564d26ed79.jpg, 1, 0, 0, 0, 1, 1
levle1_115_jpg.rf.22b2967c1e15de37e88eabd2336ff2c2.jpg, 1, 1, 0, 1, 0, 1
levle1_457_jpg.rf.8943f6fd2a84160fceb513268c9496d3.jpg, 0, 0, 0, 1, 1, 1
levle1_112_jpg.rf.c6321e1fd98fc6cc9253bdc207a577ac.jpg, 0, 1, 1, 0, 0, 0
levle0_494_jpg.rf.50b36e1ad4eb0bf0f55ae471c2f4db87.jpg, 0, 1, 0, 1, 0, 0
levle1_424_jpg.rf.83bb098e347683a0dd715ef19ffd9238.jpg, 0, 1, 0, 0, 0, 0
levle0_510_jpg.rf.eb32942e567db6565d233671550a38de.jpg, 1, 1, 0, 0, 0, 0
levle2_112_jpg.rf.1fed261476528af590923997fd64fea0.jpg, 0, 0, 1, 1, 0, 0
levle3_91_jpg.rf.709e55b1e0efc7451626159c38b4be7a.jpg, 1, 0, 0, 1, 1, 0
levle1_47_jpg.rf.a1d2b01a299c6b47e43192aa9a15588a.jpg, 0, 0, 0, 1, 0, 0
levle1_440_jpg.rf.6c7a9caa4c13c688ea79ee7321e68ff7.jpg, 1, 1, 0, 1, 1, 0
levle0_516_jpg.rf.2fc9d572e06749ba71e47a481d35a84e.jpg, 0, 1, 0, 0, 0, 0
levle1_505_jpg.rf.6d98d5b992bc6353d375eb9995c24edd.jpg, 1, 0, 0, 1, 1, 0
levle1_162_jpg.rf.8bd241df0a7387b7e825c625c952e61c.jpg, 1, 0, 0, 1, 0, 0
levle2_175_jpg.rf.902ac897f08219571e3b43753ca03332.jpg, 0, 1, 0, 1, 0, 0
levle0_446_jpg.rf.c75fb9d8abf9eeb0b16f5466aec098d7.jpg, 1, 0, 0, 0, 0, 1
01F3MMWV7GC7CE8T9BBVKGW85Y_jpeg.rf.2c0242f89caa6054c6fca76eed2a1d1b.jpg, 0, 0, 1, 0, 0, 0
levle1_362_jpg.rf.b878dd30ee19e2042e520b5c8b058b89.jpg, 0, 1, 1, 0, 1, 0
levle0_68_jpg.rf.c1e75e4a297be73c29613b58e0a0d9d9.jpg, 1, 1, 0, 1, 0, 0
levle1_564_jpg.rf.da68ee72b7bded12f022945985cef097.jpg, 1, 0, 0, 0, 0, 0
levle1_415_jpg.rf.7ea256f39b3627b2036558486fb63303.jpg, 0, 0, 0, 0, 0, 1
levle1_51_jpg.rf.c89964a83cf3066ac84eb28eb9f30433.jpg, 0, 1, 0, 0, 0, 0
levle2_170_jpg.rf.871607f0460341b481fce73240222b4e.jpg, 0, 1, 0, 1, 0, 0
levle2_178_jpg.rf.e871463571c330f4a521c4b5119d24c9.jpg, 1, 0, 0, 1, 1, 0
levle1_167_jpg.rf.db21f32aaa97933378c21dae9b5e9af2.jpg, 0, 1, 0, 1, 0, 1
levle1_111_jpg.rf.41f861165cb26554720ce135d84e48df.jpg, 0, 1, 1, 0, 0, 0
levle0_110_jpg.rf.9a2c523da17e3e38ed46aa7a002556f2.jpg, 0, 1, 0, 0, 0, 0
levle1_504_jpg.rf.56b3ebfd099ddfe0abe5eba3c034521f.jpg, 0, 1, 0, 0, 0, 0
levle2_161_jpg.rf.7df02ec39ec3d84f266627be3eb5ba39.jpg, 0, 0, 0, 1, 1, 1
levle1_422_jpg.rf.e2399f954590733b12ba1c8f9432e6ba.jpg, 0, 0, 0, 1, 0, 1
levle1_488_jpg.rf.daf316895d6082992202286ce6ec8128.jpg, 0, 1, 0, 1, 0, 0
levle0_521_jpg.rf.b7736d27b72839ee427931a3df566c1a.jpg, 1, 1, 0, 1, 0, 0
levle0_312_jpg.rf.d1cd7090c116808504ea00d45fe7301e.jpg, 0, 0, 1, 0, 1, 1
levle1_188_jpg.rf.cf542389d75106e556e3cb819d6e7362.jpg, 0, 1, 0, 1, 1, 0
01F3MMXJ24BWB58NHE1QVGMZJ3_jpeg.rf.3452cc6f1d7d0143b288955873936ee5.jpg, 1, 0, 1, 0, 0, 0
levle1_79_jpg.rf.971122abf27918a503e2cfe7feba4db3.jpg, 0, 0, 1, 0, 0, 0
01F3MMXBNRXCZS7NZQCG8KEKS6_jpeg.rf.3355fbe4d2bf76c4432eeb31cddc0bbf.jpg, 0, 1, 0, 1, 0, 0
levle1_113_jpg.rf.770b0971380d9821e66fa30849770e58.jpg, 0, 1, 0, 1, 0, 0
levle0_405_jpg.rf.a524fbfd050df7ca06875793c1e84faa.jpg, 0, 0, 0, 1, 0, 0
levle1_461_jpg.rf.27f26371075bbe60d609e319751376e0.jpg, 1, 1, 0, 0, 0, 0
levle1_465_jpg.rf.5cef252f2a11f1d67cdc39989ceb6bb9.jpg, 0, 1, 0, 0, 0, 0
levle0_477_jpg.rf.34be72dfc599da31c31714efbb0b26ff.jpg, 0, 1, 0, 0, 1, 1
levle2_67_jpg.rf.b8089c29fc80e7533eaa4611e94dfe8c.jpg, 0, 1, 0, 1, 0, 0
levle0_82_jpg.rf.bf68bc2f38c4c7b7a97b0986ba5083dd.jpg, 0, 1, 0, 0, 0, 0
levle0_274_jpg.rf.acb9a9d63fb18ca5ac2ee437ddd2e311.jpg, 0, 1, 0, 0, 0, 0
levle1_68_jpg.rf.9e99a4bbdd8426ae86960f0502a1889a.jpg, 0, 1, 0, 0, 0, 0
levle0_130_jpg.rf.de7a3f8240efa6248b24f467f1194e12.jpg, 1, 1, 0, 0, 0, 1
01F3MMVQ630JYRDS80HXF3R4W8_jpeg.rf.59af50a8e016fbf6383280f6cf1363b5.jpg, 0, 0, 0, 0, 1, 0
39_jpg.rf.82f74f5687ce1caae42d683fe26ad22b.jpg, 0, 1, 0, 1, 0, 0
levle1_535_jpg.rf.2cb2fb62e9660d94c1f3edb835d7da4a.jpg, 1, 0, 0, 1, 0, 0
levle1_591_jpg.rf.0b4d9eac8c6ff33cc28bb76ffb42f5d9.jpg, 0, 0, 0, 1, 1, 0
levle2_71_jpg.rf.91a3202ec488f0ad2ebc666f33a2127f.jpg, 0, 0, 0, 1, 0, 0
levle1_580_jpg.rf.5dd6cd0b8d3b5a63493499cd3d976c6d.jpg, 0, 0, 0, 1, 0, 0
levle1_30_jpg.rf.89029914a2885a040765fdd50e0b567b.jpg, 0, 1, 0, 1, 0, 0
levle1_137_jpg.rf.c56e0ce82bc3e4d60658644d6bb9ae62.jpg, 1, 0, 1, 1, 0, 1
levle1_533_jpg.rf.91aa4c8319697a569efcce1a211ece21.jpg, 1, 0, 0, 0, 0, 0
24_jpg.rf.4d2691739279bbc529382049df6385b7.jpg, 0, 1, 0, 1, 0, 0
10_jpg.rf.8778847616b64313aea48c22a0cf1895.jpg, 0, 1, 0, 1, 1, 1
levle1_606_jpg.rf.ff38419743a250ec64ac5c7ca87728e3.jpg, 0, 0, 0, 1, 1, 0
levle1_502_jpg.rf.1f97ff0ffaafc94d9e63c200a2bca780.jpg, 1, 0, 0, 1, 1, 1
01F3MMXQN9NJC9Q1NSDAPQ032P_jpeg.rf.4c299602fad2e15bbe6bfbd09978f716.jpg, 0, 0, 0, 1, 0, 0
levle1_464_jpg.rf.21741b39a78d1f7fa609d1ea10ec2731.jpg, 0, 1, 0, 0, 0, 0
levle0_80_jpg.rf.8b550220f6cc0b53ecbe18a3bcc1a185.jpg, 0, 0, 0, 0, 0, 1
01F3MMWXCRJZGN9E33KZPXT82D_jpeg.rf.bde78cc2e1f2f36f393c182bc0a4aff7.jpg, 0, 1, 0, 1, 0, 0
levle0_294_jpg.rf.0485b298912502eb24c67c3fed74d23a.jpg, 0, 1, 0, 0, 0, 0
01F3MMWE5K79PAZ2BXYDN3NG2F_jpeg.rf.62ca9452afc4f21c883453a8d0b623cd.jpg, 0, 0, 1, 0, 0, 0
levle2_120_jpg.rf.d15f35fe7d79dde02a1d95ca1a04b7db.jpg, 0, 0, 0, 1, 1, 1
levle3_132_jpg.rf.4fdcd4560db1f1f63a80c04fa7eb0857.jpg, 1, 0, 1, 1, 1, 0
levle1_179_jpg.rf.0081223b2018419a8c6f9b0c73c48cd9.jpg, 1, 1, 0, 1, 1, 1
levle0_90_jpg.rf.d46e6a6dd0a5b0b6af302f554e7605ea.jpg, 0, 1, 0, 1, 0, 1
01F3MMYP2ZJEH00MS4NE5KF172_jpeg.rf.d09bcaf08ad26a3cca2985c23398d7e6.jpg, 0, 1, 0, 1, 0, 0
01F3MMXMYGHN7BCR4C14TZXCBE_jpeg.rf.8b3a4e634a73e3a912363bf60617cb50.jpg, 0, 0, 0, 0, 1, 0
levle1_66_jpg.rf.6b7ef9f4207b97b3f3c301cdb06349d4.jpg, 0, 0, 0, 0, 1, 0
levle1_18_jpg.rf.bb0e0bf7af8c5e82417b22f245d65514.jpg, 0, 0, 0, 1, 0, 0
a3_jpg.rf.d98e4c04981aece25eee6f53dfeb656e.jpg, 0, 0, 0, 0, 0, 1
levle1_505_jpg.rf.7b236794bcb40c4109f0f625447f62bd.jpg, 1, 0, 0, 1, 1, 0
levle2_137_jpg.rf.1dbd722234951394bb4cc5dfbea9150c.jpg, 0, 1, 0, 1, 1, 0
21_jpg.rf.55797356f88d5020b9d1627c13bf85f3.jpg, 0, 0, 0, 1, 0, 0
levle1_512_jpg.rf.173371f66254c3f08a31a2f310493e36.jpg, 0, 0, 0, 0, 1, 0
levle1_78_jpg.rf.01f48a13e34c283af3e3328467fb743a.jpg, 0, 1, 0, 0, 1, 0
levle1_89_jpg.rf.1f5584c51970b8ebe6a7f2a650f0e44d.jpg, 0, 1, 0, 0, 0, 0
levle1_1_jpg.rf.fef2c113d19f432da141d043ba56dd99.jpg, 1, 1, 0, 0, 0, 0
levle0_459_jpg.rf.5e47c1ab54fdc5f4f417459d0f42ca97.jpg, 1, 1, 0, 1, 0, 0
levle2_20_jpg.rf.b5a61abed70a61aeecabd3ab005257ae.jpg, 0, 0, 0, 1, 1, 0
levle1_84_jpg.rf.35f8bbff689f74c010fc8943def05df8.jpg, 0, 0, 0, 1, 1, 0
levle1_351_jpg.rf.ff6aefca4217e6d3560ad241cc4fbb5a.jpg, 0, 1, 1, 0, 0, 1
levle0_402_jpg.rf.9729ae940bf8ad2647abb2ff42f65dbd.jpg, 1, 0, 0, 1, 0, 0
01F3MMVKDS6PV036M8HGEPC85J_jpeg.rf.c32e713486d0389321311b1de2a84ef6.jpg, 0, 0, 0, 1, 1, 0
levle0_225_jpg.rf.02c264664ac09933f810a1c7aaee8e98.jpg, 0, 1, 0, 1, 0, 1
levle1_107_jpg.rf.14d56109b061f2c29c0fe76f539c66f3.jpg, 0, 1, 0, 1, 0, 0
levle0_24_jpg.rf.7842e6f17ff062bf55a9408e92e1086f.jpg, 1, 1, 0, 1, 0, 1
levle2_122_jpg.rf.f676ba54fa0fcf9e0fb3b55d50ba00b3.jpg, 0, 0, 0, 1, 1, 0
levle0_304_jpg.rf.7377c629e3692229a91e001c4c8783db.jpg, 0, 1, 1, 0, 0, 1
levle1_360_jpg.rf.be7483c510e9e9f80180a108c95b1766.jpg, 0, 1, 0, 0, 1, 1
levle1_44_jpg.rf.402d728144ca4f1d87a321dbd7008785.jpg, 0, 1, 0, 1, 0, 0
levle1_113_jpg.rf.46d9db642f25a165b117b94c5d7ec88c.jpg, 0, 1, 0, 1, 0, 0
levle0_402_jpg.rf.ba14a62376fe2e29fc28585962cef96a.jpg, 1, 0, 0, 1, 0, 0
levle1_537_jpg.rf.90520eaabeb7dc868441d1d71dc2b821.jpg, 0, 0, 0, 1, 1, 0
levle1_308_jpg.rf.3aa05d7759c4a564869d5a2fae9015bd.jpg, 0, 1, 0, 1, 0, 0
levle1_135_jpg.rf.bc5c9ec09ba9783b28a231dea045a697.jpg, 0, 1, 0, 0, 1, 0
levle1_337_jpg.rf.eda7d5a5d71f854aabd170d287e7b6c8.jpg, 0, 1, 0, 0, 0, 0
levle2_120_jpg.rf.aa85c1c5dc7c3cf45c46db262b9a0407.jpg, 0, 0, 0, 1, 1, 1
levle1_417_jpg.rf.1d4b989946e5ea3f7f1aee283ef40cea.jpg, 0, 0, 0, 1, 0, 0
levle2_163_jpg.rf.bc7a9271a5ce52d6fec6ff8fd7056d52.jpg, 0, 1, 0, 0, 0, 0
levle1_170_jpg.rf.063a79b255a674352eebb1370b5f0304.jpg, 0, 0, 0, 1, 0, 0
levle1_49_jpg.rf.d83be9d7972c7b156ca2c80b381a4bf9.jpg, 0, 1, 0, 0, 0, 0
levle0_75_jpg.rf.2fbe7e1a460821f4d8abf72b2c5fa13c.jpg, 0, 1, 0, 1, 0, 0
a7_jpg.rf.ff5a7dff3b8758dce926bc02c393412e.jpg, 0, 0, 0, 0, 0, 1
levle1_436_jpg.rf.83bdb0be980781b68bfad6b263ab55e7.jpg, 0, 1, 0, 1, 0, 0
levle0_88_jpg.rf.42a8d45279220a52e5c55697085a3815.jpg, 0, 1, 0, 0, 0, 0
01F3MMW1HNGZ6WBEF528P4AXCZ_jpeg.rf.022d4ce862e26e9c5092d286b846b510.jpg, 0, 0, 0, 1, 0, 0
levle1_402_jpg.rf.7e1d304a94972538beaf859b41b12f1a.jpg, 1, 0, 0, 1, 0, 1
levle1_404_jpg.rf.f5a9a9a5336bcff89621f056ea357043.jpg, 0, 0, 1, 0, 0, 0
levle1_29_jpg.rf.a824b03103495677d4fded227f32e5ce.jpg, 0, 1, 0, 1, 0, 0
levle0_515_jpg.rf.e7b1809fdd1551b1ab6f0ca9a9b928a4.jpg, 0, 1, 0, 0, 0, 0
01F3MMVJ16XHRQ3TM1JQANVQXV_jpeg.rf.b8f7668dfe0a20717f78b8dbfafe4d4f.jpg, 0, 0, 1, 1, 0, 0
levle0_134_jpg.rf.d19946ad9e47ad2286673a60e1b13341.jpg, 0, 1, 0, 0, 0, 1
levle1_149_jpg.rf.bac78663794ee29a67a95acad2d5451a.jpg, 0, 1, 0, 1, 0, 1
levle1_552_jpg.rf.e6412fd5f751b1418d5fcc282d9b3e38.jpg, 0, 0, 0, 1, 0, 0
levle1_439_jpg.rf.b1e79dc7d45dce680d77397c51e620ea.jpg, 0, 0, 0, 1, 1, 0
levle1_500_jpg.rf.b5268da60919053e0d607dd140bad4ce.jpg, 1, 1, 0, 0, 0, 0
levle0_470_jpg.rf.68ccc6e4f98b3c4d35ed8a583e382f12.jpg, 1, 1, 0, 0, 1, 0
levle2_85_jpg.rf.2c76b00702d342318a980e24c8fb3c5a.jpg, 0, 1, 0, 1, 0, 0
levle1_583_jpg.rf.56dc76d2cce67b2d555b66ea01f7aa4b.jpg, 0, 0, 0, 0, 1, 0
levle1_541_jpg.rf.c1a6d2d78c4255f6c20d3050db83b832.jpg, 0, 0, 0, 1, 1, 0
levle0_283_jpg.rf.262938063c073c105dc76b425834ac5b.jpg, 0, 0, 0, 1, 0, 1
levle1_80_jpg.rf.5add7dcc9d09866a275ac93be6999bdd.jpg, 0, 1, 1, 1, 0, 0
levle0_32_jpg.rf.f864dfaf0272eeaf00483692b03ee3f2.jpg, 0, 1, 0, 0, 0, 0
01F3MMYNE0NXTGFZ8T0PGRQPGY_jpeg.rf.7a2f92c428b268332d9d8589e5ececb9.jpg, 0, 0, 0, 1, 0, 1
levle1_243_jpg.rf.ba17c6637685e136a728d12b4f4aee06.jpg, 1, 0, 0, 1, 0, 0
levle0_319_jpg.rf.fc83f2ee7d83ca281b2cadfbb42db7df.jpg, 0, 1, 0, 1, 0, 0
levle1_116_jpg.rf.7b8c09da7c02d05e5b2cd5369f1201e9.jpg, 0, 1, 1, 0, 0, 0
levle1_426_jpg.rf.052bfecec2d9c22ca5189d25f1db6529.jpg, 1, 0, 0, 1, 0, 1
levle0_130_jpg.rf.200a9d6b4488fafe1ce2b8f5ded5b850.jpg, 1, 1, 0, 0, 0, 1
levle1_169_jpg.rf.2744304c8bea5f0c06e0ac7344a1c77c.jpg, 0, 1, 0, 1, 0, 0
levle1_498_jpg.rf.12f223a07ffc590dac8f1a00314a2c11.jpg, 0, 0, 0, 1, 0, 0
levle0_77_jpg.rf.fd166c01d4a90e7bf68e22890b88c6f6.jpg, 0, 1, 0, 0, 0, 0
levle1_412_jpg.rf.0f15d0f8510f3e743890665f916c4802.jpg, 1, 0, 0, 0, 0, 0
levle1_635_jpg.rf.3dd8f1845497c2403212e384ca975c5a.jpg, 0, 0, 0, 1, 0, 0
levle1_53_jpg.rf.76cb34ff7674b619a868e8f3d57859cd.jpg, 0, 0, 0, 1, 0, 0
levle1_511_jpg.rf.75d670e89943f248d9d63876f8e057b6.jpg, 0, 0, 0, 1, 1, 0
levle3_90_jpg.rf.355a7051b78887cada6bf079c9c2225c.jpg, 0, 0, 0, 1, 1, 1
01F3MMVH87B4G7M1NH7963VX3M_jpeg.rf.d6870f31229a6b081783d9a205346b46.jpg, 0, 0, 1, 1, 0, 0
levle0_54_jpg.rf.4f3b0fc879aa681402b2f23e2ed1f444.jpg, 0, 0, 0, 1, 0, 1
levle1_182_jpg.rf.3f5a93d9e56cd4ea97af419f9feec2de.jpg, 0, 1, 0, 1, 1, 0
levle1_168_jpg.rf.71dec4b177447a32918b55b0fef9efc9.jpg, 0, 1, 0, 1, 0, 0
levle0_9_jpg.rf.cb5e6af40769f91417987d961a2d3aa5.jpg, 0, 1, 0, 0, 0, 0
01F3MMVH87B4G7M1NH7963VX3M_jpeg.rf.f50b00b1eedbef02ccb7a3906a2d0e44.jpg, 0, 0, 1, 1, 0, 0
levle0_90_jpg.rf.f743584b597d939e829589faa83cf320.jpg, 0, 1, 0, 1, 0, 1
levle0_56_jpg.rf.15cabcf7c1f9c39c51d4c428edb8e984.jpg, 0, 1, 0, 0, 0, 0
levle3_117_jpg.rf.529403b4f4338455ce61aedb7f7bd4b3.jpg, 0, 0, 0, 1, 0, 0
levle1_486_jpg.rf.fe0c6da0460283668c2cf9ea9b904150.jpg, 0, 0, 0, 1, 0, 0
01F3MMWXCRJZGN9E33KZPXT82D_jpeg.rf.d61ba9ef1ddcf70f5cd5e9d7eb0d9ba6.jpg, 0, 1, 0, 1, 0, 0
levle0_58_jpg.rf.224b03367655ca3f6bfd0952caaacd25.jpg, 0, 0, 0, 0, 0, 1
levle1_482_jpg.rf.bfb89fa54590d54f5dd12a3c37810184.jpg, 0, 0, 1, 1, 1, 0
01F3MMWQ8CPEGRTX4RR44TCJH8_jpeg.rf.8194dbe08b5fdf684cc838f71cf384e1.jpg, 1, 0, 1, 1, 1, 1
levle1_564_jpg.rf.f0f46585272253701f22344d94380acf.jpg, 1, 0, 0, 0, 0, 0
levle2_25_jpg.rf.96da845af1d585c33f5b2c128605a6cc.jpg, 1, 0, 0, 0, 1, 0
levle2_107_jpg.rf.1d52e7b1be7789717396081d77624c62.jpg, 0, 0, 0, 1, 1, 0
levle1_448_jpg.rf.31a4645da735c0a022f85a0433eaa889.jpg, 0, 0, 0, 1, 0, 0
levle1_597_jpg.rf.7c970822476aee00988f9074f296fad0.jpg, 0, 0, 0, 1, 0, 0
01F3MMWASQXMT2JDT81P87MS6M_jpeg.rf.78c8e0e4f2c7858c2d077ad300a9c6ec.jpg, 1, 0, 1, 0, 0, 1
21_jpg.rf.d96a463c596d80a8d38a3fe4afe73e0a.jpg, 0, 0, 0, 1, 0, 0
levle0_188_jpg.rf.dee18c3e74885528ff21b809d96a2c78.jpg, 0, 1, 0, 0, 0, 0
levle1_180_jpg.rf.c295f1302e65b5d23852bbe2d2b04190.jpg, 1, 1, 0, 0, 0, 1
levle1_114_jpg.rf.7660a81a9cd486524c66be17b45c6bff.jpg, 0, 1, 0, 1, 0, 0
levle1_59_jpg.rf.710e9efb976c331bca80260ec2a989dd.jpg, 0, 1, 0, 1, 0, 0
01F3MMZ5Y0XG30V9VSBY6CY23P_jpeg.rf.2d8f55024b8e82b00dccb8d9164e2821.jpg, 0, 0, 0, 0, 1, 0
levle2_164_jpg.rf.9bda007ab6f4777fca4e67692d95ff86.jpg, 0, 1, 0, 0, 0, 0
levle1_414_jpg.rf.5497f1b544a545355c200e383b19f493.jpg, 0, 1, 0, 0, 0, 1
levle2_183_jpg.rf.b0ac501cafc79cd3684f3b067369074a.jpg, 0, 0, 1, 1, 1, 0
01F3MMY0BSAFGW56D9XERHQA7F_jpeg.rf.65ed25c1ecccad26b08caac8944c537e.jpg, 0, 1, 0, 0, 0, 0
01F3MMVSTFKTNY4EVWF3NRVA5M_jpeg.rf.7be4ba15921c8af306dfa0e441e7fd06.jpg, 0, 1, 0, 0, 0, 0
levle1_262_jpg.rf.4ee2d8a239cd7f4f895480efec3a68c3.jpg, 0, 1, 0, 1, 0, 0
levle0_351_jpg.rf.cb52e9fd38d9120e281585ab36b7edc2.jpg, 0, 1, 0, 1, 0, 1
levle0_55_jpg.rf.30f3b3b578b6fe3fa6bfcba294931313.jpg, 0, 1, 0, 1, 0, 0
22_jpg.rf.a656f24d94aff9b15324b8501c9de304.jpg, 1, 0, 0, 1, 1, 0
levle2_23_jpg.rf.1cdac348953732e40c79a9539d303cb5.jpg, 0, 0, 0, 1, 1, 0
levle0_429_jpg.rf.4b055619b359f28293b567b8e7ab3094.jpg, 0, 1, 0, 0, 0, 1
levle0_3_jpg.rf.570ccd3b708a1325a387ed4d62188a99.jpg, 0, 1, 0, 0, 0, 0
levle0_39_jpg.rf.2e110e18e0e7372dc531553f565488ae.jpg, 0, 1, 0, 1, 0, 1
01F3MMWFKMEV4ZTBMDTVCRNY93_jpeg.rf.0d5cd482aa8bb57eeb33f6bba82f6981.jpg, 0, 0, 1, 1, 0, 0
levle0_239_jpg.rf.4cf91cdc878faad0414b0a6e9cb7cb04.jpg, 0, 1, 0, 1, 0, 1
levle1_478_jpg.rf.af7d154abaa0585e82dda8e5484f4433.jpg, 0, 1, 0, 1, 1, 0
levle0_469_jpg.rf.98ccef58b8512610b12a18ebe9c31c3a.jpg, 0, 1, 0, 0, 0, 0
levle2_57_jpg.rf.b9522fb2640cc56a8d91be23c73c3219.jpg, 1, 1, 0, 0, 0, 0
levle0_521_jpg.rf.53ef417e93f4dfcbd7d2130d0580bb03.jpg, 1, 1, 0, 1, 0, 0
levle1_572_jpg.rf.0249b0f52af599b26182f237c00ed8cd.jpg, 0, 0, 0, 1, 0, 0
levle0_439_jpg.rf.3967279a3fbf70acc451df887c89ba28.jpg, 0, 0, 0, 1, 0, 1
levle1_178_jpg.rf.5f93c984cdf9013e72483ed259122a50.jpg, 0, 1, 0, 0, 0, 1
levle2_65_jpg.rf.e86a2d7a1fd31703745fb935d8679f7e.jpg, 0, 1, 0, 1, 0, 0
levle0_447_jpg.rf.cb4920caa106caa67313834d576fe5b2.jpg, 1, 0, 0, 1, 0, 0
levle2_184_jpg.rf.7a88b3d73a783029ce143ac34e3846a9.jpg, 0, 0, 0, 0, 1, 1
levle3_93_jpg.rf.77efd9e2bc55c69ad49759466c6e8569.jpg, 0, 0, 0, 1, 1, 0
levle1_75_jpg.rf.5c99e7cb3da3e54d027f274a09289b7a.jpg, 0, 1, 0, 0, 0, 0
levle1_108_jpg.rf.2f6ff9e85889e459a417d2362ed35b67.jpg, 1, 1, 1, 1, 1, 0
01F3MMWHQX27K1VQ2DNNKGJZRV_jpeg.rf.e3c85632150e7aa66639d74dab1004ce.jpg, 1, 1, 0, 1, 1, 0
Ance-Scars_jpg.rf.6ff70e203f648ee817adffb55d95362b.jpg, 0, 1, 0, 1, 0, 0
levle1_437_jpg.rf.6f65f00bd2e7b2157bb8b1eba9e97a8a.jpg, 0, 1, 0, 0, 0, 0
01F3MMYR86ETSX75DGST80KA2C_jpeg.rf.1e383b18812e1ce756480da5b85259ac.jpg, 0, 0, 1, 0, 0, 0
images9_jpg.rf.98bb9bf4f5e1d090d6003b11484cf938.jpg, 0, 0, 0, 0, 1, 0
levle3_92_jpg.rf.3859ea582abce48328245923770cfad0.jpg, 1, 1, 0, 1, 0, 0
levle1_534_jpg.rf.5363d6988582065c4437e573d5582a28.jpg, 0, 0, 0, 1, 0, 0
levle0_453_jpg.rf.65bad98792808eb2935da2a657cd6100.jpg, 0, 1, 0, 0, 0, 0
33_jpeg.rf.41b02e0444bb60df3d215dc1d655fb76.jpg, 0, 0, 0, 0, 0, 1
levle1_542_jpg.rf.cc82560b1fe192dbe3fdb46ef4ac4e99.jpg, 0, 0, 1, 1, 1, 1
01F3MMYRZVKM6AP25F0HGEEB49_jpeg.rf.902d96d81d90b7dd2d1ba4af6d4afcd2.jpg, 0, 1, 0, 0, 0, 0
levle0_363_jpg.rf.17bbfced6fb47818c5d77bc844a9fdee.jpg, 0, 1, 0, 0, 0, 1
levle1_184_jpg.rf.365a67860980ff05b9e4bcb1b9535cb4.jpg, 0, 1, 0, 1, 0, 0
levle1_433_jpg.rf.8fe8fc5cba83c1c9b0123dbd41689071.jpg, 0, 1, 0, 1, 0, 0
levle1_405_jpg.rf.61f1b6f2a337cb471109a22b848c8922.jpg, 0, 0, 0, 1, 0, 0
levle1_596_jpg.rf.8e891ca63a1ae933de4f03c717d28aaf.jpg, 1, 0, 0, 0, 0, 0
levle1_45_jpg.rf.d8b9e3348a3651b00944581e1af9cf83.jpg, 0, 1, 0, 0, 0, 0
levle1_432_jpg.rf.cf2a64ead57d7f55bd20973464b98c45.jpg, 0, 0, 0, 1, 1, 0
levle0_141_jpg.rf.8566ecf0aeecde484e1956633475d2cb.jpg, 1, 1, 0, 0, 0, 0
levle0_515_jpg.rf.eab5def992313a550b44b3b3cdf92889.jpg, 0, 1, 0, 0, 0, 0
levle1_450_jpg.rf.2b8fcfec4e31475fad733683e2fdeabb.jpg, 0, 0, 0, 1, 1, 0
levle1_83_jpg.rf.2a8c196e0c10151ccdb81980e77b6721.jpg, 0, 0, 0, 1, 1, 0
levle3_107_jpg.rf.ed0b0b8e38f5289ff468034f5a2964cc.jpg, 0, 0, 1, 1, 1, 0
levle0_190_jpg.rf.b19c205915a23f7323a95dcb6a3fbbc6.jpg, 0, 1, 0, 0, 0, 0
levle1_311_jpg.rf.cb5bf81f042e6cdb6a576fea4edf191d.jpg, 0, 1, 0, 1, 1, 0
31_jpg.rf.b1475b804046eb6bb36ad919936ffe43.jpg, 0, 0, 0, 0, 1, 0
01F3MMYMKG199SD4K8HKD9NKP5_jpeg.rf.898443fe42ed9766a07f4c9c22030254.jpg, 0, 1, 0, 1, 1, 1
levle0_257_jpg.rf.18802ee9ffa550a674b39ca19c6bbca3.jpg, 0, 0, 0, 0, 0, 1
levle1_493_jpg.rf.f12efa12ff06c719d67adcf54cb9b8fb.jpg, 1, 0, 0, 1, 1, 0
levle1_63_jpg.rf.fea08b033ad9c984dc21b50e8645430b.jpg, 0, 1, 0, 1, 1, 0
levle1_248_jpg.rf.75a5560b9754821435a73689dae79505.jpg, 0, 1, 1, 0, 0, 1
01F3MMWHQX27K1VQ2DNNKGJZRV_jpeg.rf.82d774533a82f3e59bb8b79834328c78.jpg, 1, 1, 0, 1, 1, 0
levle0_269_jpg.rf.b9081748240fcdacef8f78ea2207bf4a.jpg, 0, 1, 0, 1, 0, 1
levle2_179_jpg.rf.f4ea2fa771c9a3bc1c56d396ed99e389.jpg, 0, 0, 1, 1, 0, 0
levle1_601_jpg.rf.8bf36343c7ccb46673667ff07b8f3ce2.jpg, 0, 0, 0, 1, 0, 0
levle1_44_jpg.rf.7d6a17d27c0102670f2daf5404010049.jpg, 0, 1, 0, 1, 0, 0
levle1_589_jpg.rf.c07849a2d7d852f6e2d475643f66633b.jpg, 1, 1, 0, 1, 0, 0
levle0_300_jpg.rf.0ab71ccaf2710f70c1c6a5fade53d746.jpg, 0, 1, 0, 0, 0, 0
levle1_164_jpg.rf.dc7533e94e772a99d8c045cb16ba3579.jpg, 0, 1, 0, 1, 0, 0
levle1_504_jpg.rf.b1e23ed6d910d407ad04b16b4f63a22e.jpg, 0, 1, 0, 0, 0, 0
levle1_223_jpg.rf.ba8a81e65a6a70d27a336f7168aac1ba.jpg, 0, 0, 0, 1, 1, 0
levle0_322_jpg.rf.9485cc7aa2615e41a35607c96219b959.jpg, 0, 0, 0, 0, 0, 1
levle2_48_jpg.rf.7e0a706ec65591442f05844f3385f487.jpg, 0, 0, 0, 0, 1, 0
levle1_120_jpg.rf.3be413241a3d4a37aac5f0eeaf9a0c8a.jpg, 0, 0, 0, 1, 0, 0
13_jpg.rf.24f6829a9b4b31462e2dbfaa889bcfc9.jpg, 0, 0, 0, 1, 1, 0
levle1_119_jpg.rf.4ab735cfd09d657c6b681ceb5a00a53b.jpg, 0, 0, 0, 1, 0, 0
01F3MMWPHM7QWX87HTV8QSWJ7S_jpeg.rf.c088268de9cf62812e868956b46ca21a.jpg, 1, 0, 0, 1, 1, 1
levle3_102_jpg.rf.d6c1027a9dc5c681596ea52c9b6c9e77.jpg, 0, 0, 0, 1, 0, 1
levle1_150_jpg.rf.e7552e4813612745bdc8ef6a6dac373c.jpg, 0, 1, 1, 0, 0, 0
levle1_546_jpg.rf.ad6435e63733ef60ac11497c029aac61.jpg, 1, 0, 0, 1, 0, 0
levle1_50_jpg.rf.b07068008c2667de8b112ac7ad85145c.jpg, 1, 0, 0, 1, 0, 0
levle1_572_jpg.rf.140a52f724880a49d4e108ca33897aa6.jpg, 0, 0, 0, 1, 0, 0
levle1_207_jpg.rf.bc6e5c5e1987eaa56fe60ce2aa47c1fc.jpg, 0, 0, 0, 1, 0, 1
levle1_491_jpg.rf.7991340103bab6397dd1a119738ce410.jpg, 0, 1, 0, 0, 0, 0
levle0_361_jpg.rf.f41a49b503a997964e78d347ade07e37.jpg, 0, 1, 0, 0, 0, 0
levle1_465_jpg.rf.4da6e19a45f806c262b330355996783a.jpg, 0, 1, 0, 0, 0, 0
levle0_3_jpg.rf.da5f194840f93e8ca62ac9782524b610.jpg, 0, 1, 0, 0, 0, 0
01F3MMW9B3FDZVQ1FDZKK5XY7Y_jpeg.rf.879344668bace2bd8715e30e937d5183.jpg, 1, 0, 0, 0, 1, 1
levle0_363_jpg.rf.0bcdc073e85b2fd9041b12dd007a721a.jpg, 0, 1, 0, 0, 0, 1
levle0_88_jpg.rf.342fb368c0f86356c0a064c51cfb366d.jpg, 0, 1, 0, 0, 0, 0
01F3MMX7F3R8GQ4RSCMS4A7M09_jpeg.rf.1020689e742923146d67c681183cc085.jpg, 0, 1, 0, 0, 0, 0
levle1_203_jpg.rf.4acbe3c899c22ef5fe5e90dab76f7766.jpg, 0, 0, 0, 1, 0, 0
levle1_7_jpg.rf.a3dd910af29777ee14bbfc86e3b43ec3.jpg, 0, 1, 0, 1, 0, 0
levle0_2_jpg.rf.86ef59403c22293eff6281752201052d.jpg, 0, 1, 0, 0, 0, 1
levle0_79_jpg.rf.175b5904aa16022f72b501801d8c4041.jpg, 0, 1, 0, 0, 0, 0
levle2_115_jpg.rf.cd441bb5afa4af4ee6e595c2a0857274.jpg, 0, 1, 0, 1, 0, 0
levle2_110_jpg.rf.f3949bccc1a56431d3961dbefbee87f6.jpg, 1, 1, 0, 1, 0, 1
levle1_204_jpg.rf.6e8c109043eeea7f600eefb7200b7da2.jpg, 0, 0, 0, 1, 0, 0
levle0_388_jpg.rf.e21ea896034f8b49624ac2ddb19c8a58.jpg, 0, 1, 0, 0, 0, 1
01F3MMXHDK6SC93PVPSB2MFG62_jpeg.rf.7ff70b2e8dd80de5f18bca87ed255309.jpg, 0, 1, 0, 0, 0, 1
01F3MMYTGRCX234SFQH105TM1Y_jpeg.rf.c3429f9ce4ce3103469144d8d44f9190.jpg, 0, 0, 0, 0, 0, 1
levle2_114_jpg.rf.ce0def088df146dc5768314d9136fd90.jpg, 0, 0, 0, 1, 1, 0
levle2_135_jpg.rf.b250e4e4afe2b105723f290d6a2831f5.jpg, 0, 1, 0, 1, 0, 0
levle1_190_jpg.rf.4eb3f137a657c2259d73e33fccdf53c4.jpg, 0, 1, 1, 0, 1, 1
levle2_134_jpg.rf.d02bdbb50c10c85c61e81f214a78b77c.jpg, 0, 1, 0, 0, 1, 0
levle2_20_jpg.rf.1e8694f3ed9cb59f92cf4fa3aad8f449.jpg, 0, 0, 0, 1, 1, 0
levle2_75_jpg.rf.b9867313a08a5314e17a7bdc1dd09532.jpg, 0, 1, 0, 0, 0, 0
levle1_428_jpg.rf.761fb86a6190cd5c5f6083c0c13ecbd4.jpg, 0, 0, 0, 1, 1, 1
levle1_600_jpg.rf.f58d8f30b6453405613c65f653bd567b.jpg, 0, 0, 0, 1, 1, 0
levle1_586_jpg.rf.1447f2580b48496b18d47b93981ef9fb.jpg, 0, 0, 0, 1, 1, 1
01F3MMXQ085C2RDJEHNDX2FMKE_jpeg.rf.1acca8eeec61eb30f84280dc4eebed64.jpg, 1, 1, 0, 0, 0, 0
levle1_112_jpg.rf.6fe5fdcced1cf7287f17ac64c7aafb82.jpg, 0, 1, 1, 0, 0, 0
levle1_362_jpg.rf.f2d7f3523939877ffceb6d8c7318d514.jpg, 0, 1, 1, 0, 1, 0
levle1_633_jpg.rf.9990a50823194682a68ad4407ea6afd9.jpg, 0, 0, 0, 1, 1, 0
levle0_419_jpg.rf.de866634c5dabac0b40b1387d9e1fc6d.jpg, 0, 1, 0, 0, 0, 1
levle1_295_jpg.rf.7fca57ada8a0f4a6ad67ffd6abadc0dc.jpg, 0, 1, 0, 1, 0, 0
levle0_441_jpg.rf.696982a093f386ec4a6ace3dca9011c5.jpg, 1, 1, 0, 1, 0, 1
39_jpg.rf.a65d9d705daf5e4c91ba9a25cc2d7635.jpg, 0, 1, 0, 1, 0, 0
levle1_337_jpg.rf.677b5f801184470a2855d6398b60cfab.jpg, 0, 1, 0, 0, 0, 0
levle0_102_jpg.rf.41199e638cf5e97a610a07fb7f559f74.jpg, 0, 1, 0, 1, 0, 0
levle1_440_jpg.rf.5ca1324a86d5fd3ee134d02f9f4ad8e6.jpg, 1, 1, 0, 1, 1, 0
levle1_137_jpg.rf.d1a6449eb640b6b0a06d87be83ac4216.jpg, 1, 0, 1, 1, 0, 1
01F3MMWK2WKFGMNCB4VC9D4CHD_jpeg.rf.ed2a1ee7f2c2e1e954172a8a3b279fdc.jpg, 1, 0, 0, 1, 0, 0
levle2_132_jpg.rf.2caccd6f12d563ba493612bad445dd5f.jpg, 0, 1, 0, 0, 1, 0
levle2_170_jpg.rf.5b6929eeb51d99841bd2ea586786daf3.jpg, 0, 1, 0, 1, 0, 0
levle0_194_jpg.rf.e3017c0540181ed18c74458adc399c87.jpg, 0, 1, 0, 1, 0, 1
levle0_86_jpg.rf.438d0fa2f2556174f81e16ecc83fa805.jpg, 0, 1, 0, 0, 0, 0
levle1_633_jpg.rf.c9e4cc6dea481404fb2ece22001c2896.jpg, 0, 0, 0, 1, 1, 0
levle0_173_jpg.rf.b01c01c9a4ae1dfcb2ce88779f700345.jpg, 0, 1, 0, 0, 0, 1
01F3MMZJCM0CXZWMYRJ2VGV70T_jpeg.rf.1aa6d70b50289ef75543e351eb665b29.jpg, 1, 0, 0, 0, 0, 0
levle2_185_jpg.rf.cb873b50f455a42a9b27f4c9ce129a56.jpg, 0, 1, 1, 1, 1, 0
levle1_397_jpg.rf.6c9ea6e7063129f291626f3cd23b2294.jpg, 0, 1, 0, 0, 0, 0
levle0_406_jpg.rf.4b46c94b8e5ed47ed6c2e48da86b287d.jpg, 0, 0, 0, 1, 0, 1
levle1_88_jpg.rf.e49be4a40434d7aee034b5085f71598c.jpg, 0, 1, 0, 0, 0, 0
levle3_54_jpg.rf.29e147be3e7ab277b7dbc89c038f96be.jpg, 0, 1, 0, 1, 1, 0
levle0_372_jpg.rf.e87a9241465e0b8ee0bddf44583078af.jpg, 1, 1, 0, 0, 1, 1
levle1_94_jpg.rf.5f7912184570a1c521e8b0c3d1e0e2d5.jpg, 0, 1, 0, 1, 0, 1
levle1_637_jpg.rf.23bb0d16cce13c8ba7eb0d5a74577e06.jpg, 0, 1, 0, 0, 0, 0
levle2_75_jpg.rf.844ccf56d36f5ea2a0ed612e65578095.jpg, 0, 1, 0, 0, 0, 0
levle1_203_jpg.rf.3cbc82695c8a70647c7abe5c65a3c1e5.jpg, 0, 0, 0, 1, 0, 0
